"","parameter","mean","se_mean","sd","2.5%","10%","25%","50%","75%","90%","97.5%","n_eff","Rhat","model","elpd_diff","se_diff","elpd_loo","se_elpd_loo","p_loo","se_p_loo","looic","se_looic","neigh"
"1","(Intercept)...1",-0.0361932235917396,1.95632580008478e-05,0.000739675991917492,-0.037610796477082,-0.0371382477329397,-0.0366918574071856,-0.0362272091081237,-0.0357058643699075,-0.0352400811990001,-0.0347222395451677,1429.55438057595,0.999560229455897,"interaction_stan_0",-11747.8572175248,196.71701562529,14836.1052671341,768.172975445277,20.8408742517629,0.911600233828249,-29672.2105342682,1536.34595089055,"amaranthaceae"
"2","density...2",-0.268794232140161,3.69952101044892e-05,0.00132398305567866,-0.271579361694236,-0.270501035409471,-0.269654548195952,-0.268737615071818,-0.267865231077269,-0.267190300524376,-0.266299726433917,1280.77799635102,1.00102394726492,"interaction_stan_0",-11747.8572175248,196.71701562529,14836.1052671341,768.172975445277,20.8408742517629,0.911600233828249,-29672.2105342682,1536.34595089055,"amaranthaceae"
"3","sigma...3",0.209753803611111,2.51969473352319e-05,0.000461433730478669,0.208865246005207,0.209154078555835,0.209430333208566,0.209740394617132,0.210065291357485,0.210372854720334,0.210654036682953,335.368925502267,0.999185018036174,"interaction_stan_0",-11747.8572175248,196.71701562529,14836.1052671341,768.172975445277,20.8408742517629,0.911600233828249,-29672.2105342682,1536.34595089055,"amaranthaceae"
"4","mean_PPD...4",0.0283785312053271,2.3033732344248e-05,0.00092394205791181,0.0265760865292135,0.0271493227286296,0.0277790357886227,0.0283910702560201,0.0290190590722125,0.0295146887265538,0.0301564054014373,1609.01777356781,0.998911798442741,"interaction_stan_0",-11747.8572175248,196.71701562529,14836.1052671341,768.172975445277,20.8408742517629,0.911600233828249,-29672.2105342682,1536.34595089055,"amaranthaceae"
"5","log-posterior...5",14843.6645219048,0.0560630826424104,1.26223586422214,14840.2981220485,14841.9659360318,14843.087565039,14843.9771162672,14844.5861770949,14844.8975881813,14845.0843956375,506.905593742414,1.00127388001784,"interaction_stan_0",-11747.8572175248,196.71701562529,14836.1052671341,768.172975445277,20.8408742517629,0.911600233828249,-29672.2105342682,1536.34595089055,"amaranthaceae"
"6","(Intercept)...6",-0.02111577407311,1.59406498041873e-05,0.000777564074180531,-0.0225653890115697,-0.0221039756991754,-0.0216649754585367,-0.0211314219079273,-0.0205875747505242,-0.0201284409979014,-0.0195722647225463,2379.36095909748,0.999818676471074,"interaction_stan_psi",-10084.4539813427,178.42629086366,16499.5085033153,779.769640754541,20.9798718096162,0.893756696821619,-32999.0170066307,1559.53928150908,"amaranthaceae"
"7","density...7",-0.262719999380426,3.11743002709278e-05,0.00128047918901221,-0.265210493464925,-0.264329460697739,-0.263589604777978,-0.262777949862377,-0.261847232276071,-0.261068823352063,-0.260222758628444,1687.14193626129,0.999826669333766,"interaction_stan_psi",-10084.4539813427,178.42629086366,16499.5085033153,779.769640754541,20.9798718096162,0.893756696821619,-32999.0170066307,1559.53928150908,"amaranthaceae"
"8","spain_pdsi...8",0.0163417147481754,7.28237459035639e-06,0.000283936410767937,0.0158013375015767,0.0159741588804112,0.0161470640087836,0.0163444365489784,0.0165386931453995,0.0167106763199117,0.0168979499487174,1520.18396580676,0.998571377800985,"interaction_stan_psi",-10084.4539813427,178.42629086366,16499.5085033153,779.769640754541,20.9798718096162,0.893756696821619,-32999.0170066307,1559.53928150908,"amaranthaceae"
"9","sigma...9",0.206476406088371,1.95424855574432e-05,0.00043253678549739,0.205642062598609,0.205912734236544,0.206178221554563,0.206491857847567,0.206769988599323,0.207033056985453,0.207321040105951,489.876377128274,1.00204210716553,"interaction_stan_psi",-10084.4539813427,178.42629086366,16499.5085033153,779.769640754541,20.9798718096162,0.893756696821619,-32999.0170066307,1559.53928150908,"amaranthaceae"
"10","mean_PPD...10",0.0283614109455088,2.21045039608806e-05,0.000918875182703389,0.0265096720056085,0.0272200176249121,0.0277098644100388,0.0283496634637808,0.0289787171506584,0.0295686975313994,0.0301677859935999,1728.03087255672,1.00050424485304,"interaction_stan_psi",-10084.4539813427,178.42629086366,16499.5085033153,779.769640754541,20.9798718096162,0.893756696821619,-32999.0170066307,1559.53928150908,"amaranthaceae"
"11","log-posterior...11",16506.2433280671,0.0510783660898633,1.39176211626387,16502.9294208537,16504.328778696,16505.5731868146,16506.5703673845,16507.2382837257,16507.685278359,16507.9856402553,742.430882538149,1.00052832887361,"interaction_stan_psi",-10084.4539813427,178.42629086366,16499.5085033153,779.769640754541,20.9798718096162,0.893756696821619,-32999.0170066307,1559.53928150908,"amaranthaceae"
"12","(Intercept)...12",0.0202909518114073,1.85013783187318e-05,0.00074029321538752,0.0189077888736008,0.0193161992055126,0.0197791023688739,0.0203081207141756,0.0207791791529133,0.0212310257763925,0.0217950189753397,1601.02963543948,0.99897528008998,"interaction_stan_int",0,0,26583.9624846561,757.604178606692,23.9459840336286,1.01251629350607,-53167.9249693122,1515.20835721338,"amaranthaceae"
"13","density...13",-0.152432638402302,4.0963758106468e-05,0.00141279834920089,-0.155254512975909,-0.154237416043083,-0.153418567742571,-0.152386869934906,-0.151457395604638,-0.150660528872453,-0.149631022185698,1189.48993532559,1.00051408274605,"interaction_stan_int",0,0,26583.9624846561,757.604178606692,23.9459840336286,1.01251629350607,-53167.9249693122,1515.20835721338,"amaranthaceae"
"14","spain_pdsi...14",0.0462352726933826,1.09968093487644e-05,0.000325468902550908,0.0456030876371221,0.0458132500482268,0.046016738508753,0.0462341953288354,0.0464569217152941,0.046645100519568,0.0468634612275828,875.962687782434,0.998824530783197,"interaction_stan_int",0,0,26583.9624846561,757.604178606692,23.9459840336286,1.01251629350607,-53167.9249693122,1515.20835721338,"amaranthaceae"
"15","density:spain_pdsi",0.0910766259512175,2.13271043961619e-05,0.000606007733395285,0.0898881853563688,0.090317731489935,0.0906586684296335,0.0910781245855991,0.0914827910552595,0.0918355053873887,0.0922541364723823,807.407060792402,1.00068391255634,"interaction_stan_int",0,0,26583.9624846561,757.604178606692,23.9459840336286,1.01251629350607,-53167.9249693122,1515.20835721338,"amaranthaceae"
"16","sigma...16",0.187336930186515,1.5940221405177e-05,0.000404722666045882,0.186566975461949,0.186814678578958,0.187057790578228,0.187332730428606,0.187606501553087,0.187856900745963,0.188146867562354,644.653516241163,1.0007272579378,"interaction_stan_int",0,0,26583.9624846561,757.604178606692,23.9459840336286,1.01251629350607,-53167.9249693122,1515.20835721338,"amaranthaceae"
"17","mean_PPD...17",0.0283593952596425,1.75573898186133e-05,0.000826403503079275,0.0267515491495838,0.0273186342080596,0.0277948788831117,0.0283468532093951,0.0289223859826299,0.0294109685402147,0.0300825316589924,2215.46246030336,0.999083542205235,"interaction_stan_int",0,0,26583.9624846561,757.604178606692,23.9459840336286,1.01251629350607,-53167.9249693122,1515.20835721338,"amaranthaceae"
"18","log-posterior...18",26591.2122786063,0.0759178549410923,1.51674035408256,26587.6658594195,26589.1820097117,26590.3523529435,26591.4743897523,26592.3826336161,26592.8709405921,26593.2287824434,399.148614519392,1.00702592052438,"interaction_stan_int",0,0,26583.9624846561,757.604178606692,23.9459840336286,1.01251629350607,-53167.9249693122,1515.20835721338,"amaranthaceae"
"19","(Intercept)...1",-0.328678412586908,9.52288540594917e-06,0.000347348240064258,-0.329381279373141,-0.329104318043342,-0.32889942983515,-0.328689069961496,-0.328448696889047,-0.328237915187239,-0.32799759748251,1330.43324629983,0.999468886453326,"interaction_stan_0",-298.009582414457,33.483443490463,124389.383345828,392.888732616375,6.81446729582659,0.151864365550188,-248778.766691656,785.777465232749,"asteraceae"
"20","density...2",-0.505653343786171,2.20605353918463e-05,0.000687310404669391,-0.507028965443926,-0.506509038131174,-0.506088587226296,-0.505654579124359,-0.505216575044225,-0.504799414572255,-0.504247282584336,970.674767542281,1.00028723256154,"interaction_stan_0",-298.009582414457,33.483443490463,124389.383345828,392.888732616375,6.81446729582659,0.151864365550188,-248778.766691656,785.777465232749,"asteraceae"
"21","sigma...3",0.0680046888946666,8.21214546137315e-06,0.000141211456869363,0.0677259336427453,0.0678289612534158,0.0679097960971232,0.0679999711506852,0.0681053019968324,0.068182520586774,0.0682847064857317,295.683166496952,1.00692006165783,"interaction_stan_0",-298.009582414457,33.483443490463,124389.383345828,392.888732616375,6.81446729582659,0.151864365550188,-248778.766691656,785.777465232749,"asteraceae"
"22","mean_PPD...4",-0.140232096946658,7.89501309027986e-06,0.00031011161527897,-0.140818807044153,-0.140629704933989,-0.140438112381581,-0.140234901149016,-0.14001851911952,-0.139832940916627,-0.139602233118804,1542.87363356532,0.998659597705183,"interaction_stan_0",-298.009582414457,33.483443490463,124389.383345828,392.888732616375,6.81446729582659,0.151864365550188,-248778.766691656,785.777465232749,"asteraceae"
"23","log-posterior...5",124389.556485207,0.0500478826131252,1.20396695142345,124386.487494341,124387.907857883,124389.026854962,124389.898750704,124390.456763503,124390.731052513,124390.927611195,578.705639787715,1.00615329170322,"interaction_stan_0",-298.009582414457,33.483443490463,124389.383345828,392.888732616375,6.81446729582659,0.151864365550188,-248778.766691656,785.777465232749,"asteraceae"
"24","(Intercept)...6",-0.326781043131723,1.05883867676735e-05,0.000394689333554404,-0.327555509071046,-0.327278132766172,-0.327032454909053,-0.326786126569705,-0.32651625067112,-0.326288724308353,-0.326011604540915,1389.47643694882,1.00194268668647,"interaction_stan_psi",-239.710432972686,29.642602068328,124447.682495284,393.651323785015,7.60120545680397,0.159324824978309,-248895.364990567,787.30264757003,"asteraceae"
"25","density...7",-0.503476643056436,2.08881644664504e-05,0.000734092435944047,-0.504942476451505,-0.504415145943833,-0.503943420706357,-0.503463938381914,-0.502988825171513,-0.502571487558292,-0.501981980988066,1235.09664398425,1.0043793027516,"interaction_stan_psi",-239.710432972686,29.642602068328,124447.682495284,393.651323785015,7.60120545680397,0.159324824978309,-248895.364990567,787.30264757003,"asteraceae"
"26","spain_pdsi...8",0.0010462861576411,2.74052139937875e-06,9.89699186159949e-05,0.000848547700051293,0.000919170699634444,0.000979118108303116,0.00104866294436543,0.00111351321777441,0.00117211953531296,0.00123688273206086,1304.18749298542,1.00575941685296,"interaction_stan_psi",-239.710432972686,29.642602068328,124447.682495284,393.651323785015,7.60120545680397,0.159324824978309,-248895.364990567,787.30264757003,"asteraceae"
"27","sigma...9",0.0679418858023535,7.69198697051806e-06,0.000146332522077702,0.0676626059901871,0.0677514649731097,0.0678410857114785,0.0679492717420182,0.0680467334510195,0.0681298664728602,0.0682057308497237,361.913377080212,1.01754774069265,"interaction_stan_psi",-239.710432972686,29.642602068328,124447.682495284,393.651323785015,7.60120545680397,0.159324824978309,-248895.364990567,787.30264757003,"asteraceae"
"28","mean_PPD...10",-0.140229414518179,7.29475599818141e-06,0.000309770705854802,-0.140856854823745,-0.140629224039149,-0.140430325979788,-0.140227145071482,-0.140017983847227,-0.139836058579799,-0.139643076385046,1803.26332957528,0.999038775607358,"interaction_stan_psi",-239.710432972686,29.642602068328,124447.682495284,393.651323785015,7.60120545680397,0.159324824978309,-248895.364990567,787.30264757003,"asteraceae"
"29","log-posterior...11",124447.331829452,0.0581983062064185,1.40555469123394,124443.647175844,124445.379442092,124446.664396926,124447.6621096,124448.357846305,124448.796013697,124449.054899494,583.276941061862,1.00056860035626,"interaction_stan_psi",-239.710432972686,29.642602068328,124447.682495284,393.651323785015,7.60120545680397,0.159324824978309,-248895.364990567,787.30264757003,"asteraceae"
"30","(Intercept)...12",-0.317021966215164,2.10892110880365e-05,0.00057197911717196,-0.318125745635949,-0.31774364511182,-0.317399300597473,-0.317031536964851,-0.316666036712596,-0.316282617385197,-0.315837333499788,735.596541272233,1.00046749547676,"interaction_stan_int",0,0,124687.392928254,395.589999619339,9.45577627206866,0.18304633292045,-249374.785856508,791.179999238677,"asteraceae"
"31","density...13",-0.48642142613343,3.7815779023034e-05,0.00103240124301661,-0.488384636337633,-0.487760587694984,-0.487101354092032,-0.486447848332093,-0.48573729229401,-0.485101682980379,-0.484348181441194,745.334002719399,1.00002274202945,"interaction_stan_int",0,0,124687.392928254,395.589999619339,9.45577627206866,0.18304633292045,-249374.785856508,791.179999238677,"asteraceae"
"32","spain_pdsi...14",0.00593201657388273,9.82387882061184e-06,0.00023485507212716,0.00549714063623116,0.00564238912690314,0.00576381548944428,0.00592099309365394,0.00609960117054043,0.00623131313350854,0.0064034685201402,571.523239530646,1.00059071267788,"interaction_stan_int",0,0,124687.392928254,395.589999619339,9.45577627206866,0.18304633292045,-249374.785856508,791.179999238677,"asteraceae"
"33","density:spain_pdsi",0.00957064624643688,1.73837858248016e-05,0.000420756868780383,0.00880181983996554,0.00905222985374902,0.0092757621921342,0.00955877257729111,0.00984475224100179,0.0101163309196073,0.0104498861920848,585.832827040631,1.00020793016064,"interaction_stan_int",0,0,124687.392928254,395.589999619339,9.45577627206866,0.18304633292045,-249374.785856508,791.179999238677,"asteraceae"
"34","sigma...16",0.0677943521784105,6.57755567249079e-06,0.000147410411491245,0.0675226695905393,0.0676101726307673,0.0676951489618216,0.0677895334099374,0.0678881601842266,0.0679861550801219,0.0680897076139143,502.258449628756,1.00531566744635,"interaction_stan_int",0,0,124687.392928254,395.589999619339,9.45577627206866,0.18304633292045,-249374.785856508,791.179999238677,"asteraceae"
"35","mean_PPD...17",-0.140231606075233,7.49330982445777e-06,0.000309276510263711,-0.140799565853673,-0.140631756363673,-0.140444844769256,-0.140228984900053,-0.14002186082364,-0.139844382041504,-0.139627037221721,1703.51708407274,0.999454970936171,"interaction_stan_int",0,0,124687.392928254,395.589999619339,9.45577627206866,0.18304633292045,-249374.785856508,791.179999238677,"asteraceae"
"36","log-posterior...18",124687.053742326,0.0719260722804331,1.60053737474773,124683.103805701,124685.011695891,124686.151394017,124687.327116472,124688.281211896,124688.835999034,124689.189240741,495.1752730353,0.998326600686458,"interaction_stan_int",0,0,124687.392928254,395.589999619339,9.45577627206866,0.18304633292045,-249374.785856508,791.179999238677,"asteraceae"
"37","(Intercept)...1",-0.853579941028958,4.11687160042831e-05,0.00155166082814948,-0.856666135987124,-0.855558311247718,-0.854607474128482,-0.853601921189198,-0.852533977523758,-0.851587225038368,-0.850537539620554,1420.55792919419,0.998530582691729,"interaction_stan_0",-913.390955923039,47.436859250569,43585.2794764604,372.465211436921,9.78242934755524,0.354900503346353,-87170.5589529208,744.930422873842,"caryophyllaceae"
"38","density...2",-1.21946366088313,7.20389503451901e-05,0.00269054105073692,-1.22487234218238,-1.22280463791457,-1.22114825171971,-1.2195300899135,-1.2177286893231,-1.21602464239828,-1.21412269775985,1394.90455621873,0.998476185836043,"interaction_stan_0",-913.390955923039,47.436859250569,43585.2794764604,372.465211436921,9.78242934755524,0.354900503346353,-87170.5589529208,744.930422873842,"caryophyllaceae"
"39","sigma...3",0.111121328994191,1.79288323343378e-05,0.000324119200232853,0.110489266538233,0.110720981684489,0.110902205808108,0.111107002894313,0.111333461098331,0.111540525719106,0.111786314267874,326.817652036116,1.01580429882612,"interaction_stan_0",-913.390955923039,47.436859250569,43585.2794764604,372.465211436921,9.78242934755524,0.354900503346353,-87170.5589529208,744.930422873842,"caryophyllaceae"
"40","mean_PPD...4",-0.189063561094049,1.69418563844497e-05,0.000678204681525932,-0.190407760495065,-0.189939111706104,-0.189503614540039,-0.189065148315616,-0.188615994689025,-0.188196853233737,-0.187731527933626,1602.50566985004,1.00097218751397,"interaction_stan_0",-913.390955923039,47.436859250569,43585.2794764604,372.465211436921,9.78242934755524,0.354900503346353,-87170.5589529208,744.930422873842,"caryophyllaceae"
"41","log-posterior...5",43587.0261441473,0.056833407278481,1.26299058642423,43583.7350102005,43585.3451392508,43586.423133938,43587.3568414071,43587.9580746624,43588.284942681,43588.4500242338,493.847477576275,1.00860988468235,"interaction_stan_0",-913.390955923039,47.436859250569,43585.2794764604,372.465211436921,9.78242934755524,0.354900503346353,-87170.5589529208,744.930422873842,"caryophyllaceae"
"42","(Intercept)...6",-0.854515581336153,5.01888577490835e-05,0.00172587837201252,-0.85785436755298,-0.856718692074267,-0.855662014807279,-0.854501598465757,-0.853410816270401,-0.852235634125831,-0.851112896957311,1182.51252505479,1.00005761193365,"interaction_stan_psi",-913.114493051636,47.7106892298495,43585.5559393265,372.797732146988,9.75059928720332,0.338059078818544,-87171.1118786531,745.595464293975,"caryophyllaceae"
"43","density...7",-1.2206043100327,8.25254154226158e-05,0.00285721582634779,-1.22609570614141,-1.2241157369007,-1.22255256066295,-1.22064203163931,-1.21869153064004,-1.21688083583248,-1.21491799970964,1198.70041509331,1.00023613929958,"interaction_stan_psi",-913.114493051636,47.7106892298495,43585.5559393265,372.797732146988,9.75059928720332,0.338059078818544,-87171.1118786531,745.595464293975,"caryophyllaceae"
"44","spain_pdsi...8",-0.000250635734401152,6.23435607456952e-06,0.000216337183808027,-0.000655304014747842,-0.000526685946196432,-0.000392297287524291,-0.000253876238513127,-0.000107779401635141,3.3365059312804e-05,0.000181512088255704,1204.14597188726,1.00015699806788,"interaction_stan_psi",-913.114493051636,47.7106892298495,43585.5559393265,372.797732146988,9.75059928720332,0.338059078818544,-87171.1118786531,745.595464293975,"caryophyllaceae"
"45","sigma...9",0.111063723002936,1.76010261778762e-05,0.000314508571960457,0.110455672412435,0.110652678403092,0.110850453194582,0.111070067020108,0.111278352572131,0.111456440781599,0.111692216499396,319.29270461429,1.00405002655078,"interaction_stan_psi",-913.114493051636,47.7106892298495,43585.5559393265,372.797732146988,9.75059928720332,0.338059078818544,-87171.1118786531,745.595464293975,"caryophyllaceae"
"46","mean_PPD...10",-0.189088397505326,1.47761252613246e-05,0.000657681949055927,-0.190373712948102,-0.189926883598188,-0.189535143796438,-0.189089529018116,-0.188652088186705,-0.188263213375381,-0.187789500221673,1981.1196988511,0.99881600342479,"interaction_stan_psi",-913.114493051636,47.7106892298495,43585.5559393265,372.797732146988,9.75059928720332,0.338059078818544,-87171.1118786531,745.595464293975,"caryophyllaceae"
"47","log-posterior...11",43586.3787136562,0.0712570054100949,1.41421382996548,43582.6211637111,43584.6000393949,43585.7034045146,43586.6789257266,43587.4064348899,43587.8199005656,43588.0920310195,393.890064099714,1.01106084684018,"interaction_stan_psi",-913.114493051636,47.7106892298495,43585.5559393265,372.797732146988,9.75059928720332,0.338059078818544,-87171.1118786531,745.595464293975,"caryophyllaceae"
"48","(Intercept)...12",-0.74217624056,0.000147433430110964,0.00304173086848273,-0.748282802683543,-0.746060190452432,-0.744235940262812,-0.742128102706775,-0.740041879153505,-0.738342226600041,-0.736141608050937,425.647052996031,1.007746635096,"interaction_stan_int",0,0,44498.6704324007,371.822397228405,11.5448153764915,0.390263234028286,-88997.3408648014,743.644794456809,"caryophyllaceae"
"49","density...13",-1.04530610699861,0.000234496060138354,0.00484044860763917,-1.0550362574008,-1.05150405459287,-1.04857806904884,-1.04523324839456,-1.04194141273576,-1.03910206700474,-1.0360553498599,426.088807404906,1.00811671964121,"interaction_stan_int",0,0,44498.6704324007,371.822397228405,11.5448153764915,0.390263234028286,-88997.3408648014,743.644794456809,"caryophyllaceae"
"50","spain_pdsi...14",0.0428164815090452,5.35517822292833e-05,0.000995560571496032,0.0408377368349203,0.0415192436353718,0.0420885670111776,0.0428644994718576,0.0435335564008219,0.044099099083816,0.0446540438859709,345.610969902164,1.01106566165697,"interaction_stan_int",0,0,44498.6704324007,371.822397228405,11.5448153764915,0.390263234028286,-88997.3408648014,743.644794456809,"caryophyllaceae"
"51","density:spain_pdsi",0.0695121851122402,8.36477514906896e-05,0.00157575325825759,0.0663423579452651,0.0674816025618025,0.0683423984993601,0.0695967945149416,0.0706691574707025,0.0715134065420779,0.0723736106804969,354.868854783001,1.01171225311848,"interaction_stan_int",0,0,44498.6704324007,371.822397228405,11.5448153764915,0.390263234028286,-88997.3408648014,743.644794456809,"caryophyllaceae"
"52","sigma...16",0.109300821011154,1.46578577864463e-05,0.000327115544511158,0.108648753281673,0.108902969133699,0.109083895791276,0.109319545300915,0.10951363631512,0.109706663731625,0.109910869291658,498.036711678657,0.999040643341192,"interaction_stan_int",0,0,44498.6704324007,371.822397228405,11.5448153764915,0.390263234028286,-88997.3408648014,743.644794456809,"caryophyllaceae"
"53","mean_PPD...17",-0.189129539723882,1.59627340968159e-05,0.000654416058817857,-0.190400305158735,-0.189952666550982,-0.189576597267461,-0.189132057035729,-0.188673560525197,-0.188309023994701,-0.187841990021901,1680.71214118642,0.999969350057277,"interaction_stan_int",0,0,44498.6704324007,371.822397228405,11.5448153764915,0.390263234028286,-88997.3408648014,743.644794456809,"caryophyllaceae"
"54","log-posterior...18",44499.4520744459,0.0703603989426138,1.53501256322155,44495.7972825635,44497.3564615543,44498.6611790197,44499.7387223535,44500.5815639276,44501.0803445742,44501.5403645067,475.956521773285,1.0044102308808,"interaction_stan_int",0,0,44498.6704324007,371.822397228405,11.5448153764915,0.390263234028286,-88997.3408648014,743.644794456809,"caryophyllaceae"
"55","(Intercept)...1",-0.451901174982272,1.69331918798989e-05,0.000657740914056454,-0.453195673680047,-0.452718515395626,-0.452356987515694,-0.451912061200411,-0.451452103740681,-0.451057214395514,-0.450622091302083,1508.80132134738,0.999644807815063,"interaction_stan_0",-396.715117464931,39.9547882872668,66911.2107797084,469.826437414545,8.39050281363936,0.330145212552178,-133822.421559417,939.65287482909,"conspecific"
"56","density...2",-0.881111531228482,3.66452036186176e-05,0.00143116366856992,-0.883798434682286,-0.88292480484889,-0.882149472900526,-0.881126003709287,-0.880109284702968,-0.879283397125423,-0.878387401019494,1525.26156657407,0.999567354122529,"interaction_stan_0",-396.715117464931,39.9547882872668,66911.2107797084,469.826437414545,8.39050281363936,0.330145212552178,-133822.421559417,939.65287482909,"conspecific"
"57","sigma...3",0.131702398966782,1.68318270285218e-05,0.000288322315395154,0.131149590009677,0.131336843464184,0.131496025763475,0.131695100727813,0.131899838979037,0.132076437892656,0.132265657462536,293.422893147424,1.00705378154933,"interaction_stan_0",-396.715117464931,39.9547882872668,66911.2107797084,469.826437414545,8.39050281363936,0.330145212552178,-133822.421559417,939.65287482909,"conspecific"
"58","mean_PPD...4",-0.121307430350503,1.44811162024808e-05,0.000570871564489677,-0.122457895292066,-0.122059670630543,-0.121687981165013,-0.121305688422787,-0.1209194986642,-0.120571915912338,-0.120181918787979,1554.07775868808,0.999639465440387,"interaction_stan_0",-396.715117464931,39.9547882872668,66911.2107797084,469.826437414545,8.39050281363936,0.330145212552178,-133822.421559417,939.65287482909,"conspecific"
"59","log-posterior...5",66912.3060192127,0.0591821271508162,1.22405225861559,66909.2757017726,66910.6522382058,66911.7159568084,66912.6452769016,66913.1912482171,66913.5134544376,66913.7113076986,427.778327100027,1.00106013363149,"interaction_stan_0",-396.715117464931,39.9547882872668,66911.2107797084,469.826437414545,8.39050281363936,0.330145212552178,-133822.421559417,939.65287482909,"conspecific"
"60","(Intercept)...6",-0.450983717847435,1.49562309404051e-05,0.000666657240121199,-0.452265637768215,-0.451851471825334,-0.451433609981438,-0.450983628930996,-0.450509036824381,-0.450113712324574,-0.449723744922842,1986.83075996315,0.999219611391675,"interaction_stan_psi",-356.793945238689,38.0220963469444,66951.131951955,469.31333427015,8.67088244535868,0.304243758430939,-133902.26390391,938.6266685403,"conspecific"
"61","density...7",-0.880189067777285,3.3062560464566e-05,0.00139806854515819,-0.882846909019166,-0.882005364288025,-0.881116861486536,-0.880175346753158,-0.879248412502252,-0.878429714111328,-0.877386862514082,1788.06771707498,1.0005800411213,"interaction_stan_psi",-356.793945238689,38.0220963469444,66951.131951955,469.31333427015,8.67088244535868,0.304243758430939,-133902.26390391,938.6266685403,"conspecific"
"62","spain_pdsi...8",0.00140031358465499,3.95628282058943e-06,0.000157781699875765,0.00109541412058075,0.00119468636044009,0.00129095470573596,0.00140053000315283,0.00151226108908629,0.0016071140370349,0.0017011915315333,1590.51804579935,0.999814999536283,"interaction_stan_psi",-356.793945238689,38.0220963469444,66951.131951955,469.31333427015,8.67088244535868,0.304243758430939,-133902.26390391,938.6266685403,"conspecific"
"63","sigma...9",0.131647994376076,1.5142557657514e-05,0.000273784876907391,0.131128367609325,0.131290586485883,0.131459808264476,0.131637247990151,0.131847381118995,0.131998350651844,0.132189186320929,326.904153520444,1.00991351153946,"interaction_stan_psi",-356.793945238689,38.0220963469444,66951.131951955,469.31333427015,8.67088244535868,0.304243758430939,-133902.26390391,938.6266685403,"conspecific"
"64","mean_PPD...10",-0.121270834633571,1.38079575405035e-05,0.000576101101080101,-0.122361261287547,-0.122009460994186,-0.121653340025071,-0.121268569471372,-0.120882093024266,-0.120526491199831,-0.120105589699233,1740.75850096268,0.999610998948783,"interaction_stan_psi",-356.793945238689,38.0220963469444,66951.131951955,469.31333427015,8.67088244535868,0.304243758430939,-133902.26390391,938.6266685403,"conspecific"
"65","log-posterior...11",66951.4356358534,0.0655819218695738,1.36074977989,66947.7304001098,66949.7724200667,66950.8257316671,66951.6982391859,66952.3781181202,66952.8492979286,66953.1869804999,430.514979000066,1.00742353527559,"interaction_stan_psi",-356.793945238689,38.0220963469444,66951.131951955,469.31333427015,8.67088244535868,0.304243758430939,-133902.26390391,938.6266685403,"conspecific"
"66","(Intercept)...12",-0.445439374544875,1.77608051185893e-05,0.000672472562892817,-0.446855291256948,-0.446301480200975,-0.445890129212581,-0.445410171324963,-0.444997348870197,-0.444580230055618,-0.444168268226052,1433.58629791904,1.00036648317864,"interaction_stan_int",0,0,67307.9258971917,461.967171192175,10.3547668467424,0.314371882211404,-134615.851794383,923.934342384351,"conspecific"
"67","density...13",-0.868207997297041,3.59269727533238e-05,0.0014388424355734,-0.87098358455178,-0.870035327813667,-0.869148254386035,-0.868221653054645,-0.867237257162157,-0.866431659555825,-0.865271363481242,1603.92932077258,1.00016378098102,"interaction_stan_int",0,0,67307.9258971917,461.967171192175,10.3547668467424,0.314371882211404,-134615.851794383,923.934342384351,"conspecific"
"68","spain_pdsi...14",0.00822419409389539,1.32737060942665e-05,0.000298176162370347,0.00765970514582127,0.00785406554601907,0.00802043337699232,0.00822680173856372,0.00842777429282527,0.0086079321586092,0.00880453987347798,504.616500303174,1.00354730382647,"interaction_stan_int",0,0,67307.9258971917,461.967171192175,10.3547668467424,0.314371882211404,-134615.851794383,923.934342384351,"conspecific"
"69","density:spain_pdsi",0.0167644457156993,2.69441602130972e-05,0.000615343639727188,0.0155478517897947,0.0160032886383266,0.0163505197208767,0.0167519412345655,0.0171818922392588,0.0175667012995758,0.0179731891086953,521.562222965601,1.00365883233732,"interaction_stan_int",0,0,67307.9258971917,461.967171192175,10.3547668467424,0.314371882211404,-134615.851794383,923.934342384351,"conspecific"
"70","sigma...16",0.131204714306289,1.22972031636081e-05,0.000268708353873073,0.130645615084357,0.130871087582542,0.131035684672804,0.13120920132011,0.131391901416086,0.131543966678177,0.131721211544651,477.473904087897,1.00020672347206,"interaction_stan_int",0,0,67307.9258971917,461.967171192175,10.3547668467424,0.314371882211404,-134615.851794383,923.934342384351,"conspecific"
"71","mean_PPD...17",-0.121288868699491,1.42862046494246e-05,0.000576253419732337,-0.12245075047597,-0.122036818587088,-0.12167858253909,-0.121280125794852,-0.120904947727664,-0.120566153870953,-0.12019980045215,1627.02151995043,0.99967826350478,"interaction_stan_int",0,0,67307.9258971917,461.967171192175,10.3547668467424,0.314371882211404,-134615.851794383,923.934342384351,"conspecific"
"72","log-posterior...18",67308.1688503888,0.068253996798082,1.56436052344755,67304.3662553872,67306.0904272189,67307.3613562215,67308.4763775382,67309.2974718925,67309.8273314321,67310.2195169418,525.312240451943,1.00096632123653,"interaction_stan_int",0,0,67307.9258971917,461.967171192175,10.3547668467424,0.314371882211404,-134615.851794383,923.934342384351,"conspecific"
"73","(Intercept)...1",-0.781243655484216,0.000113986819720869,0.00436040970062616,-0.789912635587362,-0.786854363462784,-0.784032523139211,-0.781218053649703,-0.778324352739169,-0.775564918223463,-0.773077086902793,1463.34025794413,0.999054655492431,"interaction_stan_0",-7671.49324086633,69.9353406760434,-50770.2403860808,370.517261949161,5.87243242470691,0.0895911280399403,101540.480772162,741.034523898321,"fabaceae"
"74","density...2",-0.936147286989998,0.000216625039863891,0.00819536271042954,-0.952215439118964,-0.946748115400752,-0.941623754261797,-0.936109152128978,-0.930633388002715,-0.925592426819537,-0.920193323108916,1431.2616918027,0.999112731544275,"interaction_stan_0",-7671.49324086633,69.9353406760434,-50770.2403860808,370.517261949161,5.87243242470691,0.0895911280399403,101540.480772162,741.034523898321,"fabaceae"
"75","sigma...3",0.510457947472433,5.02743585614159e-05,0.0014020355880202,0.507669697822001,0.50868583275852,0.509516259010229,0.510417968848852,0.511442777977866,0.512288939025652,0.513134403264618,777.723099893177,1.00071851385501,"interaction_stan_0",-7671.49324086633,69.9353406760434,-50770.2403860808,370.517261949161,5.87243242470691,0.0895911280399403,101540.480772162,741.034523898321,"fabaceae"
"76","mean_PPD...4",-0.333542974291724,7.70733789205441e-05,0.00280070553779459,-0.339067885682711,-0.33733340058907,-0.335302018680199,-0.333523988791591,-0.331694827149618,-0.329934310871274,-0.328237247762971,1320.46259150473,1.00111501815841,"interaction_stan_0",-7671.49324086633,69.9353406760434,-50770.2403860808,370.517261949161,5.87243242470691,0.0895911280399403,101540.480772162,741.034523898321,"fabaceae"
"77","log-posterior...5",-50770.2055085338,0.0476856530956073,1.19877663905054,-50773.3070723611,-50771.8981918122,-50770.7512729429,-50769.9139531019,-50769.3125187909,-50768.9937077799,-50768.8135671853,631.97670776404,1.00506638607199,"interaction_stan_0",-7671.49324086633,69.9353406760434,-50770.2403860808,370.517261949161,5.87243242470691,0.0895911280399403,101540.480772162,741.034523898321,"fabaceae"
"78","(Intercept)...6",-0.587667514510298,9.5997215185984e-05,0.00435931104141074,-0.596053103292817,-0.593330429522051,-0.590589030371696,-0.587690718591961,-0.584705374064926,-0.582021338372271,-0.578866581018453,2062.141420833,0.99888429116941,"interaction_stan_psi",-2926.11635008964,49.6830851839516,-46024.8634952997,350.942642259172,6.06101123665011,0.0909214755375446,92049.7269905994,701.885284518343,"fabaceae"
"79","density...7",-0.756839078085097,0.000158295635148223,0.0074780055174795,-0.771428312747708,-0.766218863079732,-0.761910053234342,-0.756924773996336,-0.751548054906569,-0.74759558582412,-0.742107435342843,2231.68905226767,0.998606543712947,"interaction_stan_psi",-2926.11635008964,49.6830851839516,-46024.8634952997,350.942642259172,6.06101123665011,0.0909214755375446,92049.7269905994,701.885284518343,"fabaceae"
"80","spain_pdsi...8",0.0896160397665996,2.08884805264563e-05,0.000877275122870939,0.0878512036472277,0.0885224661775318,0.0890401372819414,0.0896295541319313,0.0901878165765679,0.0907098077299081,0.0913172983654212,1763.83489007413,0.99879361062409,"interaction_stan_psi",-2926.11635008964,49.6830851839516,-46024.8634952997,350.942642259172,6.06101123665011,0.0909214755375446,92049.7269905994,701.885284518343,"fabaceae"
"81","sigma...9",0.476049035632063,4.52775508995346e-05,0.00129308384986944,0.473648916833553,0.474387196265622,0.475165792078852,0.476030788151074,0.476870609937886,0.477752508433314,0.478651279022717,815.619349331007,1.00012975793204,"interaction_stan_psi",-2926.11635008964,49.6830851839516,-46024.8634952997,350.942642259172,6.06101123665011,0.0909214755375446,92049.7269905994,701.885284518343,"fabaceae"
"82","mean_PPD...10",-0.333548676541379,6.8771079897325e-05,0.00255113129025809,-0.338614842287062,-0.336719692527867,-0.335335238168148,-0.333540921137309,-0.331751061824318,-0.330382516436931,-0.328744789453434,1376.11247202787,0.999987033035975,"interaction_stan_psi",-2926.11635008964,49.6830851839516,-46024.8634952997,350.942642259172,6.06101123665011,0.0909214755375446,92049.7269905994,701.885284518343,"fabaceae"
"83","log-posterior...11",-46025.6717090828,0.0497796624122405,1.35664324255652,-46029.1123265359,-46027.3942498174,-46026.3225478381,-46025.3861716292,-46024.658352569,-46024.2325630374,-46023.9445636732,742.723931710631,1.003265599828,"interaction_stan_psi",-2926.11635008964,49.6830851839516,-46024.8634952997,350.942642259172,6.06101123665011,0.0909214755375446,92049.7269905994,701.885284518343,"fabaceae"
"84","(Intercept)...12",-0.17617523153903,0.000349139988729333,0.00693920427653726,-0.188994624481667,-0.184757975018586,-0.18106199716146,-0.176322354997216,-0.171897330229172,-0.167460377483034,-0.161992522053786,395.020976085303,1.00140159050031,"interaction_stan_int",0,0,-43098.7471452106,321.615608857005,6.86462930556529,0.0903266549606884,86197.4942904211,643.231217714011,"fabaceae"
"85","density...13",-0.0917810155870369,0.000569065888797442,0.0114004782610232,-0.113080372096834,-0.106023562238902,-0.0996200702717409,-0.091915145076489,-0.0845255083056655,-0.0771591283597593,-0.0684909609609269,401.347936245769,1.00208197198627,"interaction_stan_int",0,0,-43098.7471452106,321.615608857005,6.86462930556529,0.0903266549606884,86197.4942904211,643.231217714011,"fabaceae"
"86","spain_pdsi...14",0.314799477266537,0.000165163356126972,0.00293673209049696,0.309272746927544,0.311099270412976,0.312791904450024,0.31482398052356,0.316572148174587,0.318614835123841,0.320500978589023,316.155877127413,1.0042556233225,"interaction_stan_int",0,0,-43098.7471452106,321.615608857005,6.86462930556529,0.0903266549606884,86197.4942904211,643.231217714011,"fabaceae"
"87","density:spain_pdsi",0.389220491397023,0.000273065056524129,0.00487459927995431,0.380112033631932,0.383172593292048,0.385841732029972,0.38922096630909,0.392404547979289,0.395733042980384,0.398670629727653,318.67323113784,1.00516189271348,"interaction_stan_int",0,0,-43098.7471452106,321.615608857005,6.86462930556529,0.0903266549606884,86197.4942904211,643.231217714011,"fabaceae"
"88","sigma...16",0.456062284396722,4.10688453184042e-05,0.00123939420629795,0.45367063261252,0.454492551950155,0.455228485050097,0.456076033724489,0.456871825852805,0.457639367570406,0.458587195291909,910.739007972922,1.00495226677919,"interaction_stan_int",0,0,-43098.7471452106,321.615608857005,6.86462930556529,0.0903266549606884,86197.4942904211,643.231217714011,"fabaceae"
"89","mean_PPD...17",-0.33344684984202,7.09906994094291e-05,0.00249880197709579,-0.338373556481571,-0.336633089552124,-0.335127217327755,-0.333434941906054,-0.331790818835846,-0.330336624935226,-0.328433054799664,1238.96994667301,1.00212226865904,"interaction_stan_int",0,0,-43098.7471452106,321.615608857005,6.86462930556529,0.0903266549606884,86197.4942904211,643.231217714011,"fabaceae"
"90","log-posterior...18",-43100.2306498522,0.0657132636292288,1.65446977822116,-43104.5716639845,-43102.429253576,-43101.0124424114,-43099.893390875,-43099.0435692861,-43098.4745458946,-43098.0838557898,633.886646782375,1.00341730691147,"interaction_stan_int",0,0,-43098.7471452106,321.615608857005,6.86462930556529,0.0903266549606884,86197.4942904211,643.231217714011,"fabaceae"
"91","(Intercept)...1",-0.334169821103218,0.000471837833745008,0.014765274572999,-0.363468465754545,-0.353011314460796,-0.343320871434316,-0.334051019971819,-0.324075559883189,-0.31519753732302,-0.305600052936903,979.258911142065,0.999119743061127,"interaction_stan_0",-9.60414576315618,1.38906183585676,6023.22874713668,272.077702851886,13.2487638337891,0.629661948607264,-12046.4574942734,544.155405703771,"frankeniaceae"
"92","density...2",-0.465978796384981,0.000669132241503945,0.0209377761741194,-0.50861605699422,-0.492462648632333,-0.478926855317214,-0.465824685531791,-0.451601263909444,-0.439588047264973,-0.425464432255446,979.122865586076,0.999031886421738,"interaction_stan_0",-9.60414576315618,1.38906183585676,6023.22874713668,272.077702851886,13.2487638337891,0.629661948607264,-12046.4574942734,544.155405703771,"frankeniaceae"
"93","sigma...3",0.173040092990578,3.4038220649814e-05,0.000845440064733209,0.171350799566001,0.17195796662787,0.172478988891677,0.173018329280965,0.173620758376826,0.174128949234694,0.174696587875402,616.924405474624,1.0034383189361,"interaction_stan_0",-9.60414576315618,1.38906183585676,6023.22874713668,272.077702851886,13.2487638337891,0.629661948607264,-12046.4574942734,544.155405703771,"frankeniaceae"
"94","mean_PPD...4",-0.00762481134316875,4.65600038796922e-05,0.00173693943875964,-0.0110087315231153,-0.00983504401312108,-0.00882736390012881,-0.00756826386205123,-0.00644446064791484,-0.00538694329791871,-0.00429234183471253,1391.69266088144,1.00142164702787,"interaction_stan_0",-9.60414576315618,1.38906183585676,6023.22874713668,272.077702851886,13.2487638337891,0.629661948607264,-12046.4574942734,544.155405703771,"frankeniaceae"
"95","log-posterior...5",6027.04774433968,0.0406473482074978,1.14129013931818,6024.44504427081,6025.46062378972,6026.50717133143,6027.34871139765,6027.89221703981,6028.16250659524,6028.34785867522,788.365651573855,1.00008585064014,"interaction_stan_0",-9.60414576315618,1.38906183585676,6023.22874713668,272.077702851886,13.2487638337891,0.629661948607264,-12046.4574942734,544.155405703771,"frankeniaceae"
"96","(Intercept)...6",-0.367101298835114,0.000558818694269941,0.0166728431147901,-0.399687339162656,-0.388603817218488,-0.378764780570136,-0.367132794536498,-0.355932436529094,-0.345550025254661,-0.333724748058838,890.179266686564,1.00321615537328,"interaction_stan_psi",0,0,6032.8328929006,272.024504753204,14.9221883361668,0.729201855476999,-12065.6657858012,544.049009506409,"frankeniaceae"
"97","density...7",-0.511744008883624,0.000784106161095403,0.0236417760839644,-0.557648985469451,-0.541789772088591,-0.528336078671475,-0.511855263908672,-0.495663999124955,-0.481521025657804,-0.464083220580669,909.097506970303,1.00297307986481,"interaction_stan_psi",0,0,6032.8328929006,272.024504753204,14.9221883361668,0.729201855476999,-12065.6657858012,544.049009506409,"frankeniaceae"
"98","spain_pdsi...8",0.00259160245470626,1.68404753838001e-05,0.000546495929840962,0.00148939920271516,0.00188668391670516,0.00224285620881373,0.0025929579979767,0.00294739553376514,0.00332176305473169,0.00360406686495772,1053.08922653571,1.00386167314487,"interaction_stan_psi",0,0,6032.8328929006,272.024504753204,14.9221883361668,0.729201855476999,-12065.6657858012,544.049009506409,"frankeniaceae"
"99","sigma...9",0.172992194208276,3.54505505868401e-05,0.000927286687128433,0.171217749452862,0.17180019501832,0.172372852464726,0.172981561656872,0.173597924476944,0.17418148789464,0.174946846933547,684.198440866149,1.00042427897572,"interaction_stan_psi",0,0,6032.8328929006,272.024504753204,14.9221883361668,0.729201855476999,-12065.6657858012,544.049009506409,"frankeniaceae"
"100","mean_PPD...10",-0.00768712025086436,4.5288985902001e-05,0.00180658916737729,-0.0112123362982395,-0.00997168904185558,-0.00889896297827636,-0.0077243997362193,-0.00643829583680108,-0.00535376432506884,-0.00421035830166882,1591.23239297599,0.999101029667428,"interaction_stan_psi",0,0,6032.8328929006,272.024504753204,14.9221883361668,0.729201855476999,-12065.6657858012,544.049009506409,"frankeniaceae"
"101","log-posterior...11",6036.59142494266,0.0613759894795119,1.40860666716642,6033.15782409761,6034.70912209386,6035.86227122974,6036.90496487254,6037.6463264703,6038.08355463406,6038.3638586569,526.723222073786,1.0090653762633,"interaction_stan_psi",0,0,6032.8328929006,272.024504753204,14.9221883361668,0.729201855476999,-12065.6657858012,544.049009506409,"frankeniaceae"
"102","(Intercept)...12",-4.67385832180603,2.78441352716436,3.41190256521172,-7.33352228203921,-7.33352209567859,-7.33352185440473,-6.82893949225158,0.140886496256273,0.140886781762071,0.140886915080124,1.5015015015015,18680074.8284101,"interaction_stan_int",-2748337.74772748,21188.4178196405,-2742304.91483398,21250.412313319,2712138.25419582,21186.1139140887,5484609.82966795,42500.824626638,"frankeniaceae"
"103","density...13",-6.67393493406027,4.41032075158599,5.40422050781628,-10.5783358229369,-10.5783350139751,-10.5783347502023,-10.4090838692249,0.965613890047489,0.965614292444589,0.965614478955525,1.5015015015015,24870502.866892,"interaction_stan_int",-2748337.74772748,21188.4178196405,-2742304.91483398,21250.412313319,2712138.25419582,21186.1139140887,5484609.82966795,42500.824626638,"frankeniaceae"
"104","spain_pdsi...14",-4.38664581230617e-05,0.0856438953985077,0.104944406983426,-0.135394243939655,-0.13539424116636,-0.135394236880753,0.0150082550362823,0.120254368345239,0.120254396782907,0.120254423989694,1.50150150150151,10372090.3666635,"interaction_stan_int",-2748337.74772748,21188.4178196405,-2742304.91483398,21250.412313319,2712138.25419582,21186.1139140887,5484609.82966795,42500.824626638,"frankeniaceae"
"105","density:spain_pdsi",0.0319140715752802,0.114549955400216,0.140364670284058,-0.122497852061566,-0.122497800505928,-0.122497707147516,0.00117834978708698,0.217061619328776,0.217061634182596,0.217061637719115,1.5015015015016,8082650.59094105,"interaction_stan_int",-2748337.74772748,21188.4178196405,-2742304.91483398,21250.412313319,2712138.25419582,21186.1139140887,5484609.82966795,42500.824626638,"frankeniaceae"
"106","sigma...16",0.270803455978404,0.153801437389274,0.188461776283284,0.0386637656476432,0.0386670111754266,0.0386778552428229,0.273609766334013,0.500116039635969,0.500134914797668,0.500144360796039,1.50150150421912,51761.3773513923,"interaction_stan_int",-2748337.74772748,21188.4178196405,-2742304.91483398,21250.412313319,2712138.25419582,21186.1139140887,5484609.82966795,42500.824626638,"frankeniaceae"
"107","mean_PPD...17",-0.00309013282558511,0.368375294203353,0.451396150915084,-0.567807845811548,-0.567536181586257,-0.567167934792262,0.0210348665889745,0.535730817335146,0.538309221466733,0.53995330144485,1.50153241300067,205.421319768398,"interaction_stan_int",-2748337.74772748,21188.4178196405,-2742304.91483398,21250.412313319,2712138.25419582,21186.1139140887,5484609.82966795,42500.824626638,"frankeniaceae"
"108","log-posterior...18",26681962308.1849,29619515051.0013,36294504104.8868,482939101.53644,482957344.648198,482993801.454669,1573757041.78048,77967076359.152,78010813818.9449,78023911186.2708,1.5015017632503,5279.41417017412,"interaction_stan_int",-2748337.74772748,21188.4178196405,-2742304.91483398,21250.412313319,2712138.25419582,21186.1139140887,5484609.82966795,42500.824626638,"frankeniaceae"
"109","(Intercept)...1",-0.0023216903929705,9.32973580573104e-06,0.000324034668239998,-0.00296181946482812,-0.00272560205033091,-0.00253008427089415,-0.00232390800342887,-0.00211311184174493,-0.0019178814774055,-0.00166513548097199,1206.2692679853,1.00569469361757,"interaction_stan_0",-212.082144323022,20.2086754573066,113254.925545437,470.453740733145,9.4727535862026,0.3472225486766,-226509.851090874,940.90748146629,"gentianaceae"
"110","density...2",-0.0400399847009279,2.59851285346388e-05,0.000679176611568034,-0.041320262304377,-0.0409027296247501,-0.040527720600058,-0.040026164741428,-0.0395825600491482,-0.0391891397299736,-0.0386855471126419,683.149421789109,1.00967410900749,"interaction_stan_0",-212.082144323022,20.2086754573066,113254.925545437,470.453740733145,9.4727535862026,0.3472225486766,-226509.851090874,940.90748146629,"gentianaceae"
"111","sigma...3",0.0706438322361643,8.39963763031735e-06,0.000171741809202056,0.0703000245024598,0.0704140603480476,0.0705299744896029,0.0706524373606456,0.0707580308874086,0.0708650600744666,0.0709673905562395,418.052636031715,1.00093348394953,"interaction_stan_0",-212.082144323022,20.2086754573066,113254.925545437,470.453740733145,9.4727535862026,0.3472225486766,-226509.851090874,940.90748146629,"gentianaceae"
"112","mean_PPD...4",0.0115815204421733,7.95766503188261e-06,0.00033078273843611,0.0109570746060235,0.0111471166549671,0.0113523461895669,0.0115777855222763,0.0118109196451506,0.0120090927228969,0.0122407123782184,1727.88314524022,1.00125785243537,"interaction_stan_0",-212.082144323022,20.2086754573066,113254.925545437,470.453740733145,9.4727535862026,0.3472225486766,-226509.851090874,940.90748146629,"gentianaceae"
"113","log-posterior...5",113256.848862256,0.0520480832413267,1.21505802745592,113253.703987345,113255.267791078,113256.27012167,113257.16232761,113257.748254554,113258.065018291,113258.222393557,544.985009956518,1.00073392333598,"interaction_stan_0",-212.082144323022,20.2086754573066,113254.925545437,470.453740733145,9.4727535862026,0.3472225486766,-226509.851090874,940.90748146629,"gentianaceae"
"114","(Intercept)...6",-0.00297686035023663,1.33499564025306e-05,0.000411147926683673,-0.00383581828657967,-0.00350080495161477,-0.00324110949825411,-0.00297215927801183,-0.00270596802460459,-0.00246058878683784,-0.00218426551590756,948.498207106994,0.998979144996072,"interaction_stan_psi",-208.596159133915,20.8900437004604,113258.411530642,470.158838028108,10.5287924736007,0.368836850215366,-226516.823061284,940.317676056216,"gentianaceae"
"115","density...7",-0.0407269960186355,2.46418994269638e-05,0.000741885128905534,-0.0422206583970963,-0.0416527052761049,-0.0412124733331522,-0.0407043485182656,-0.0402084178733582,-0.0397637959009183,-0.0393528576490081,906.410588087218,0.998338418138712,"interaction_stan_psi",-208.596159133915,20.8900437004604,113258.411530642,470.158838028108,10.5287924736007,0.368836850215366,-226516.823061284,940.317676056216,"gentianaceae"
"116","spain_pdsi...8",-0.000324649104223199,3.87988426244714e-06,0.000112292912547359,-0.000538053107496051,-0.000468409806188627,-0.000398930236144005,-0.000331952593731544,-0.000251639160888504,-0.000183468529153524,-8.5227871662386e-05,837.658791988984,1.00133903421609,"interaction_stan_psi",-208.596159133915,20.8900437004604,113258.411530642,470.158838028108,10.5287924736007,0.368836850215366,-226516.823061284,940.317676056216,"gentianaceae"
"117","sigma...9",0.0706533739768476,8.56342705503496e-06,0.000173921196117084,0.0703367473788711,0.0704300711797045,0.0705333726505085,0.0706489250284977,0.0707739936121777,0.0708718361189534,0.0709964962543361,412.486578236602,1.00223395399946,"interaction_stan_psi",-208.596159133915,20.8900437004604,113258.411530642,470.158838028108,10.5287924736007,0.368836850215366,-226516.823061284,940.317676056216,"gentianaceae"
"118","mean_PPD...10",0.0115956346282436,8.06357177132854e-06,0.000324617100951794,0.0109654560175712,0.0111677957887928,0.0113735185913139,0.0116030189783164,0.0118158191858232,0.0120090346278422,0.0122144216828751,1620.64494202766,1.00053835215657,"interaction_stan_psi",-208.596159133915,20.8900437004604,113258.411530642,470.158838028108,10.5287924736007,0.368836850215366,-226516.823061284,940.317676056216,"gentianaceae"
"119","log-posterior...11",113259.91506767,0.0730898765089617,1.5387190718164,113256.086148523,113257.896939598,113259.247898578,113260.293262097,113260.974471188,113261.451586002,113261.765865256,443.204557106526,1.00297772785227,"interaction_stan_psi",-208.596159133915,20.8900437004604,113258.411530642,470.158838028108,10.5287924736007,0.368836850215366,-226516.823061284,940.317676056216,"gentianaceae"
"120","(Intercept)...12",0.0135288277169556,6.00287736237944e-05,0.000941232175328859,0.01182912869016,0.0123031569161722,0.0128452931952873,0.0135140242372854,0.0141923047845494,0.014763041047222,0.0154645916622231,245.852476757429,1.00701180968591,"interaction_stan_int",0,0,113467.007689766,472.626926440579,10.535546556526,0.330780626814335,-226934.015379532,945.253852881159,"gentianaceae"
"121","density...13",-0.0131959655923851,0.000104841244726681,0.00160124237749499,-0.0161219394394688,-0.0152148577422044,-0.0143663968794453,-0.0132432585690156,-0.0120665919985541,-0.0110527259339794,-0.0100566147399339,233.26512534084,1.00742554155821,"interaction_stan_int",0,0,113467.007689766,472.626926440579,10.535546556526,0.330780626814335,-226934.015379532,945.253852881159,"gentianaceae"
"122","spain_pdsi...14",0.00715197715500485,2.61648657155656e-05,0.000399183153453162,0.0064180228311576,0.00663357183419487,0.00687410224146712,0.00712777776526259,0.0074357810219642,0.00768874170568087,0.00793432360910949,232.759485735535,1.00675562852521,"interaction_stan_int",0,0,113467.007689766,472.626926440579,10.535546556526,0.330780626814335,-226934.015379532,945.253852881159,"gentianaceae"
"123","density:spain_pdsi",0.0133274111838494,4.47747512326627e-05,0.000679114101601039,0.012058559536103,0.0124420457868844,0.0128429714058067,0.0132903278106174,0.0138218051908428,0.0142675506451913,0.0145973566038348,230.048355952026,1.00503307681717,"interaction_stan_int",0,0,113467.007689766,472.626926440579,10.535546556526,0.330780626814335,-226934.015379532,945.253852881159,"gentianaceae"
"124","sigma...16",0.0704848601929575,5.96127563846471e-06,0.000161644322690633,0.0701759165053691,0.070269770913722,0.0703752380203634,0.0704886775016168,0.0705927576002051,0.0706961884502819,0.0708008108502254,735.262649885871,1.00079966630683,"interaction_stan_int",0,0,113467.007689766,472.626926440579,10.535546556526,0.330780626814335,-226934.015379532,945.253852881159,"gentianaceae"
"125","mean_PPD...17",0.0115834169412714,8.97203395388943e-06,0.000321769823412018,0.0109403846880451,0.011182116530787,0.0113727091487557,0.0115756543710307,0.0118047218922752,0.0119859146707246,0.0122622104347717,1286.20089487438,1.00254634625581,"interaction_stan_int",0,0,113467.007689766,472.626926440579,10.535546556526,0.330780626814335,-226934.015379532,945.253852881159,"gentianaceae"
"126","log-posterior...18",113467.597429973,0.0869470449437215,1.58464415335147,113463.715408874,113465.453377734,113466.738470196,113467.92326942,113468.776705287,113469.369763532,113469.720869111,332.164987342509,1.01711798544905,"interaction_stan_int",0,0,113467.007689766,472.626926440579,10.535546556526,0.330780626814335,-226934.015379532,945.253852881159,"gentianaceae"
"127","(Intercept)...1",-0.415683623814162,9.34693930402056e-06,0.000321804581884195,-0.416348986039591,-0.416086485710559,-0.415898466049188,-0.41568842134523,-0.415460168951758,-0.415276810290442,-0.415040940031268,1185.34726398479,0.998301240200326,"interaction_stan_0",-62.9014353935802,16.0556552679049,128643.279340478,486.552972436292,9.02037694261219,0.325570370453342,-257286.558680955,973.105944872584,"plantaginaceae"
"128","density...2",-0.591740890789754,2.08363260778235e-05,0.000679225487837636,-0.593050044609616,-0.592615120888704,-0.592233643860977,-0.591756960035184,-0.591266189547782,-0.590866320639241,-0.590406588740401,1062.63877297197,0.999143340396859,"interaction_stan_0",-62.9014353935802,16.0556552679049,128643.279340478,486.552972436292,9.02037694261219,0.325570370453342,-257286.558680955,973.105944872584,"plantaginaceae"
"129","sigma...3",0.066836937948544,8.63742567885386e-06,0.000144477866923175,0.0665365160462993,0.0666472908787113,0.0667487524227206,0.0668434695283917,0.0669252324417174,0.0670156071815518,0.0671065953069976,279.791164078287,1.00996855609335,"interaction_stan_0",-62.9014353935802,16.0556552679049,128643.279340478,486.552972436292,9.02037694261219,0.325570370453342,-257286.558680955,973.105944872584,"plantaginaceae"
"130","mean_PPD...4",-0.20931648260209,7.40154576513782e-06,0.000289015967084616,-0.20986371239788,-0.209692498016233,-0.209511586774242,-0.209320526510512,-0.209114558998664,-0.208935312055724,-0.208761471693157,1524.75060943865,1.00049632041713,"interaction_stan_0",-62.9014353935802,16.0556552679049,128643.279340478,486.552972436292,9.02037694261219,0.325570370453342,-257286.558680955,973.105944872584,"plantaginaceae"
"131","log-posterior...5",128644.472530145,0.0675345649368275,1.15213789645149,128641.463369071,128642.842961262,128643.983824949,128644.764618736,128645.310320309,128645.627922178,128645.813499515,291.042700011611,0.999903651392704,"interaction_stan_0",-62.9014353935802,16.0556552679049,128643.279340478,486.552972436292,9.02037694261219,0.325570370453342,-257286.558680955,973.105944872584,"plantaginaceae"
"132","(Intercept)...6",-0.4155952361749,8.44079972662879e-06,0.000324029388471909,-0.416239565309238,-0.416019703925949,-0.41581395824684,-0.415591649379656,-0.415378673176042,-0.415184802389758,-0.414956602002393,1473.67464158617,0.999749530618956,"interaction_stan_psi",-47.6504460151523,12.288622362978,128658.530329871,486.619751639652,10.4064545777891,0.35425804605454,-257317.060659741,973.239503279303,"plantaginaceae"
"133","density...7",-0.590874164144347,1.83212116722929e-05,0.000710813293697131,-0.592270998706879,-0.591775540818877,-0.591367302911702,-0.590874931956671,-0.590387582021842,-0.58994982541379,-0.589492436003772,1505.22942036588,0.998702199980634,"interaction_stan_psi",-47.6504460151523,12.288622362978,128658.530329871,486.619751639652,10.4064545777891,0.35425804605454,-257317.060659741,973.239503279303,"plantaginaceae"
"134","spain_pdsi...8",-0.000544727211457885,2.61256188140515e-06,9.44239802713387e-05,-0.000731574350737906,-0.000662380934228813,-0.000610874526628146,-0.000547493335358294,-0.000482309628315224,-0.000424571980096471,-0.000353254048696364,1306.26543385445,1.00052953149537,"interaction_stan_psi",-47.6504460151523,12.288622362978,128658.530329871,486.619751639652,10.4064545777891,0.35425804605454,-257317.060659741,973.239503279303,"plantaginaceae"
"135","sigma...9",0.0668353729922705,9.62720358681507e-06,0.000153726738044579,0.0665312936907043,0.0666360724340815,0.0667302872103794,0.0668381912157686,0.0669410765196941,0.067029661197864,0.0671346523394548,254.975535114497,1.01606592505062,"interaction_stan_psi",-47.6504460151523,12.288622362978,128658.530329871,486.619751639652,10.4064545777891,0.35425804605454,-257317.060659741,973.239503279303,"plantaginaceae"
"136","mean_PPD...10",-0.209325119886427,7.55712402816979e-06,0.000300108835045363,-0.209910512787637,-0.209715565931091,-0.209534084716664,-0.20931992619964,-0.209115834112356,-0.208933727445255,-0.208766548621279,1577.04636640524,1.00021187758652,"interaction_stan_psi",-47.6504460151523,12.288622362978,128658.530329871,486.619751639652,10.4064545777891,0.35425804605454,-257317.060659741,973.239503279303,"plantaginaceae"
"137","log-posterior...11",128659.485632026,0.0623567431030713,1.36915792081941,128656.211744521,128657.536726612,128658.743386137,128659.80785537,128660.5261833,128660.969369896,128661.261106001,482.103449260384,1.00380369513406,"interaction_stan_psi",-47.6504460151523,12.288622362978,128658.530329871,486.619751639652,10.4064545777891,0.35425804605454,-257317.060659741,973.239503279303,"plantaginaceae"
"138","(Intercept)...12",-0.414629109430611,9.23616049474732e-06,0.000329688111047662,-0.415281590315986,-0.415045991949532,-0.414851746268151,-0.414615823262574,-0.414405721814268,-0.414213719488212,-0.413991675883389,1274.15901283346,0.999161714890641,"interaction_stan_int",0,0,128706.180775898,486.24162605469,11.5004642726391,0.34386827760547,-257412.361551795,972.48325210938,"plantaginaceae"
"139","density...13",-0.589437042741809,2.0043191473735e-05,0.000711699270333189,-0.590764305928712,-0.590334948214862,-0.589933192052614,-0.589432075106588,-0.588974078395901,-0.588494456002492,-0.588012641670795,1260.83800308858,1.00038068945668,"interaction_stan_int",0,0,128706.180775898,486.24162605469,11.5004642726391,0.34386827760547,-257412.361551795,972.48325210938,"plantaginaceae"
"140","spain_pdsi...14",-0.00184895692812752,5.97606132640028e-06,0.000167669094750112,-0.00218728670297412,-0.00206066081156518,-0.00195971001051695,-0.00185014557105399,-0.001742926993184,-0.00163716689125503,-0.00149949162531598,787.183437762887,0.998417595338975,"interaction_stan_int",0,0,128706.180775898,486.24162605469,11.5004642726391,0.34386827760547,-257412.361551795,972.48325210938,"plantaginaceae"
"141","density:spain_pdsi",-0.00330978355848989,1.25060177600874e-05,0.000356002152412427,-0.00400573537021889,-0.00376407333344293,-0.00355741204970407,-0.00331691673774533,-0.00307552780213101,-0.00284319009326896,-0.00259186560198994,810.339791460707,0.998282238318549,"interaction_stan_int",0,0,128706.180775898,486.24162605469,11.5004642726391,0.34386827760547,-257412.361551795,972.48325210938,"plantaginaceae"
"142","sigma...16",0.0667980114809471,7.59439588095291e-06,0.000148674365883947,0.0665089931097809,0.0666104625263142,0.066698436035634,0.0668018032821426,0.0669030770320775,0.0669910886716636,0.0670777570653949,383.253142958975,1.00442600987194,"interaction_stan_int",0,0,128706.180775898,486.24162605469,11.5004642726391,0.34386827760547,-257412.361551795,972.48325210938,"plantaginaceae"
"143","mean_PPD...17",-0.209324049652861,7.95738444114366e-06,0.000297883709297436,-0.20988583772404,-0.209693161186378,-0.209538469979199,-0.209324133675807,-0.209128183814703,-0.208938297975003,-0.208724041725431,1401.37003013259,0.998974527749843,"interaction_stan_int",0,0,128706.180775898,486.24162605469,11.5004642726391,0.34386827760547,-257412.361551795,972.48325210938,"plantaginaceae"
"144","log-posterior...18",128706.778313396,0.0799651474949676,1.656870606382,128702.727774953,128704.539298721,128705.930782826,128707.133986278,128708.006788522,128708.558641782,128708.9267921,429.314643019753,1.01386971829698,"interaction_stan_int",0,0,128706.180775898,486.24162605469,11.5004642726391,0.34386827760547,-257412.361551795,972.48325210938,"plantaginaceae"
"145","(Intercept)...1",-0.314367718652192,2.0465688542298e-05,0.000779458182366357,-0.315840385139917,-0.315328815681715,-0.314902286257813,-0.314409628105742,-0.313834842455063,-0.31335209783716,-0.312799301806802,1450.55072280714,1.00106945563384,"interaction_stan_0",-20544.940331193,120.079247557246,-140524.884500589,1095.12697353591,8.32247343064951,0.0862206030817119,281049.769001177,2190.25394707183,"poaceae"
"146","density...2",-0.267339004910114,1.64099933502073e-05,0.000482703827144401,-0.268274867288565,-0.267945024298827,-0.267694650331457,-0.267336586183506,-0.266992133883043,-0.266724410426146,-0.266374225205949,865.256108898496,1.00089425917287,"interaction_stan_0",-20544.940331193,120.079247557246,-140524.884500589,1095.12697353591,8.32247343064951,0.0862206030817119,281049.769001177,2190.25394707183,"poaceae"
"147","sigma...3",0.379617111552371,1.848469133435e-05,0.000460349320701407,0.378743847746775,0.379050042177725,0.379320726018545,0.379607197141431,0.379920878373631,0.380202860770316,0.380511084209775,620.226913177891,1.00206579923433,"interaction_stan_0",-20544.940331193,120.079247557246,-140524.884500589,1095.12697353591,8.32247343064951,0.0862206030817119,281049.769001177,2190.25394707183,"poaceae"
"148","mean_PPD...4",-0.548939967797825,2.5158560435973e-05,0.000954652442453533,-0.550692896629711,-0.550191274561108,-0.549570363897131,-0.548946840756924,-0.548286221465204,-0.5477220443001,-0.547102761709533,1439.85580427441,1.00056079127158,"interaction_stan_0",-20544.940331193,120.079247557246,-140524.884500589,1095.12697353591,8.32247343064951,0.0862206030817119,281049.769001177,2190.25394707183,"poaceae"
"149","log-posterior...5",-140523.783378069,0.0412686473644903,1.13120575984145,-140526.747099757,-140525.310164258,-140524.273438082,-140523.492993562,-140522.941570033,-140522.677702059,-140522.506935489,751.350788522023,1.00508666382593,"interaction_stan_0",-20544.940331193,120.079247557246,-140524.884500589,1095.12697353591,8.32247343064951,0.0862206030817119,281049.769001177,2190.25394707183,"poaceae"
"150","(Intercept)...6",-0.285347134429766,1.8824330517123e-05,0.000762195262050387,-0.286830588117443,-0.286339638831938,-0.285865433150756,-0.285350038806128,-0.284817929493417,-0.284365075403332,-0.283864419635622,1639.4320099475,0.99852173405249,"interaction_stan_psi",-154.161571247225,12.8075695687118,-120134.105740669,1013.23562545871,10.0809272857976,0.104043634889966,240268.211481338,2026.47125091743,"poaceae"
"151","density...7",-0.28722358664018,9.74610710903434e-06,0.000485874098697784,-0.288199602170659,-0.287854740156904,-0.287546700957327,-0.28721186492593,-0.286890144487767,-0.286623754368375,-0.286300866737606,2485.33614624484,0.998438624333445,"interaction_stan_psi",-154.161571247225,12.8075695687118,-120134.105740669,1013.23562545871,10.0809272857976,0.104043634889966,240268.211481338,2026.47125091743,"poaceae"
"152","spain_pdsi...8",0.0550276515128905,5.08949268219021e-06,0.000257621702097117,0.0545429723662588,0.0546947645830198,0.0548553089345322,0.0550208517089802,0.0552086184914867,0.055358425702562,0.055507112631848,2562.21696262732,0.999766888117999,"interaction_stan_psi",-154.161571247225,12.8075695687118,-120134.105740669,1013.23562545871,10.0809272857976,0.104043634889966,240268.211481338,2026.47125091743,"poaceae"
"153","sigma...9",0.355622731430578,3.59740306193236e-05,0.000478838076993976,0.354748965326143,0.355002584419127,0.35529701367779,0.355617130826937,0.355937119901488,0.356244552317116,0.35656309168285,177.173659712422,1.04648455720139,"interaction_stan_psi",-154.161571247225,12.8075695687118,-120134.105740669,1013.23562545871,10.0809272857976,0.104043634889966,240268.211481338,2026.47125091743,"poaceae"
"154","mean_PPD...10",-0.548930292172251,2.34356556299264e-05,0.00090117932823292,-0.55068062151499,-0.550111725279953,-0.549530260473847,-0.548949471389661,-0.548319901443811,-0.547758444624277,-0.547144911302268,1478.65966619285,0.998540571880366,"interaction_stan_psi",-154.161571247225,12.8075695687118,-120134.105740669,1013.23562545871,10.0809272857976,0.104043634889966,240268.211481338,2026.47125091743,"poaceae"
"155","log-posterior...11",-120133.071549173,0.0584198948991827,1.43759678803452,-120136.898981656,-120134.855167047,-120133.809885201,-120132.753929391,-120132.032205312,-120131.543664073,-120131.258769669,605.553676093774,1.00439886090509,"interaction_stan_psi",-154.161571247225,12.8075695687118,-120134.105740669,1013.23562545871,10.0809272857976,0.104043634889966,240268.211481338,2026.47125091743,"poaceae"
"156","(Intercept)...12",-0.282314928973385,1.79936335836439e-05,0.000808590284561604,-0.283972310617885,-0.283397226015333,-0.282858584328013,-0.282300416933092,-0.281771766404422,-0.281295546743286,-0.280762727866959,2019.38577611732,0.999298515323744,"interaction_stan_int",0,0,-119979.944169419,1019.61490210872,9.74799847953827,0.0966592386599856,239959.888338838,2039.22980421743,"poaceae"
"157","density...13",-0.28758698021529,9.65594715878313e-06,0.000472170529702261,-0.288512372100784,-0.288183930018211,-0.287908380923514,-0.287572457738006,-0.287262613201762,-0.286981617190079,-0.286679840836928,2391.15645752261,0.999566605868594,"interaction_stan_int",0,0,-119979.944169419,1019.61490210872,9.74799847953827,0.0966592386599856,239959.888338838,2039.22980421743,"poaceae"
"158","spain_pdsi...14",0.0580286509558658,8.11482467742618e-06,0.000326475777788719,0.0573815425972224,0.0576139643987116,0.0578034266103836,0.0580225653987446,0.0582448863098166,0.0584508842118091,0.0586706182656158,1618.61532490212,1.00044832998411,"interaction_stan_int",0,0,-119979.944169419,1019.61490210872,9.74799847953827,0.0966592386599856,239959.888338838,2039.22980421743,"poaceae"
"159","density:spain_pdsi",-0.00427233102748358,6.26253817966851e-06,0.000257635863188243,-0.00476962568617519,-0.00459957727796034,-0.0044436107499167,-0.00427671338769185,-0.00410267405137714,-0.00393662633488019,-0.00376222121550315,1692.43446648982,0.999607141738734,"interaction_stan_int",0,0,-119979.944169419,1019.61490210872,9.74799847953827,0.0966592386599856,239959.888338838,2039.22980421743,"poaceae"
"160","sigma...16",0.355406076077674,1.93122062191147e-05,0.000445089632587964,0.354534380939327,0.354839114031307,0.355103379565806,0.355397228109871,0.355689375346465,0.355998338618979,0.356289580117387,531.167110985598,1.01373697540425,"interaction_stan_int",0,0,-119979.944169419,1019.61490210872,9.74799847953827,0.0966592386599856,239959.888338838,2039.22980421743,"poaceae"
"161","mean_PPD...17",-0.548884017504614,2.05963227268596e-05,0.000893139946166233,-0.550613583552883,-0.550060202637414,-0.549489686113487,-0.548897733293004,-0.548252089210822,-0.547739717947142,-0.547124573694921,1880.44073817436,0.999088795398879,"interaction_stan_int",0,0,-119979.944169419,1019.61490210872,9.74799847953827,0.0966592386599856,239959.888338838,2039.22980421743,"poaceae"
"162","log-posterior...18",-119980.008269831,0.0611312694955979,1.6390074975152,-119983.881958107,-119982.146486266,-119980.889649488,-119979.678705898,-119978.804619383,-119978.292553047,-119977.89211901,718.844660076511,1.00107313734663,"interaction_stan_int",0,0,-119979.944169419,1019.61490210872,9.74799847953827,0.0966592386599856,239959.888338838,2039.22980421743,"poaceae"
"163","(Intercept)...1",-4.12458802403178,0.000285028500123436,0.0113372714364718,-4.14566393433077,-4.13873643787025,-4.13192968349465,-4.12485316527731,-4.11759072582883,-4.11049034989287,-4.10129628334351,1582.12398428695,0.999571072312416,"interaction_stan_0",-179.730674705336,27.8645467394336,10955.5808222897,255.891357464835,11.3217246655842,0.603135093808527,-21911.1616445794,511.782714929671,"primulacea"
"164","density...2",-5.65163485454544,0.000408288640995067,0.0162645905192894,-5.68232619543208,-5.67214108562522,-5.66258666406936,-5.65197635038356,-5.6416105598853,-5.6314656082347,-5.617694061178,1586.90771881444,0.999481500613373,"interaction_stan_0",-179.730674705336,27.8645467394336,10955.5808222897,255.891357464835,11.3217246655842,0.603135093808527,-21911.1616445794,511.782714929671,"primulacea"
"165","sigma...3",0.139941854844794,3.73261937493274e-05,0.00067895932416051,0.138610304611373,0.139062285130836,0.139507338506519,0.13994110829472,0.140379131197722,0.140792010244444,0.141274426597301,330.872064822289,1.01286075567794,"interaction_stan_0",-179.730674705336,27.8645467394336,10955.5808222897,255.891357464835,11.3217246655842,0.603135093808527,-21911.1616445794,511.782714929671,"primulacea"
"166","mean_PPD...4",-0.199149512399139,3.57513140527536e-05,0.00141455124479133,-0.201863782156756,-0.200972373907374,-0.200157349855395,-0.19911296720926,-0.198117436030308,-0.197435568416671,-0.196430061764034,1565.50101043351,0.999489536210738,"interaction_stan_0",-179.730674705336,27.8645467394336,10955.5808222897,255.891357464835,11.3217246655842,0.603135093808527,-21911.1616445794,511.782714929671,"primulacea"
"167","log-posterior...5",10957.9723873486,0.0607836080610622,1.30754030404875,10954.5334939452,10956.2048199371,10957.4463368674,10958.3155971229,10958.9148926992,10959.2307759422,10959.3714654465,462.740186703591,1.00346925845414,"interaction_stan_0",-179.730674705336,27.8645467394336,10955.5808222897,255.891357464835,11.3217246655842,0.603135093808527,-21911.1616445794,511.782714929671,"primulacea"
"168","(Intercept)...6",-4.15866804671282,0.000320360890955285,0.0127975239570781,-4.18354335632067,-4.17463161496966,-4.16695414074596,-4.15883000765026,-4.15057713270926,-4.14189356482935,-4.13304430740276,1595.77962925508,0.999194688996958,"interaction_stan_psi",-154.648604514659,25.0751073806707,10980.6628924777,256.293660286004,12.2034328552658,0.653439919660248,-21961.3257849554,512.587320572009,"primulacea"
"169","density...7",-5.69641235905094,0.00045054700320322,0.018117026318329,-5.73128272187569,-5.71900793822581,-5.70830313213589,-5.69632808784661,-5.68478534905681,-5.67259925163104,-5.66082952516924,1616.93893881298,0.999339510753891,"interaction_stan_psi",-154.648604514659,25.0751073806707,10980.6628924777,256.293660286004,12.2034328552658,0.653439919660248,-21961.3257849554,512.587320572009,"primulacea"
"170","spain_pdsi...8",-0.00313631863504764,1.19786402116365e-05,0.000444921172687294,-0.00399443146671797,-0.00369893157347888,-0.00341458682521962,-0.00314506128949299,-0.00284729386087533,-0.0025728041125831,-0.0022171664015363,1379.59339046757,1.00179703107487,"interaction_stan_psi",-154.648604514659,25.0751073806707,10980.6628924777,256.293660286004,12.2034328552658,0.653439919660248,-21961.3257849554,512.587320572009,"primulacea"
"171","sigma...9",0.139636183566013,3.9328981907059e-05,0.000704653817991639,0.138280220400582,0.138715958302021,0.139158267833328,0.139630215205512,0.140094852307507,0.140543989248694,0.141053206957867,321.015653717234,1.004766630558,"interaction_stan_psi",-154.648604514659,25.0751073806707,10980.6628924777,256.293660286004,12.2034328552658,0.653439919660248,-21961.3257849554,512.587320572009,"primulacea"
"172","mean_PPD...10",-0.199201188390995,3.19059830913569e-05,0.00129557414592829,-0.201633807511955,-0.200914669496592,-0.200069723265614,-0.19924836526877,-0.198331541315431,-0.197538793144345,-0.196678609102269,1648.84671807321,1.00010265267923,"interaction_stan_psi",-154.648604514659,25.0751073806707,10980.6628924777,256.293660286004,12.2034328552658,0.653439919660248,-21961.3257849554,512.587320572009,"primulacea"
"173","log-posterior...11",10982.5974904931,0.0624696616511379,1.48052059179105,10978.7300362753,10980.5854457959,10981.9017791193,10982.9743208138,10983.6880901023,10984.0871330696,10984.3699913898,561.682116924938,1.00431181676851,"interaction_stan_psi",-154.648604514659,25.0751073806707,10980.6628924777,256.293660286004,12.2034328552658,0.653439919660248,-21961.3257849554,512.587320572009,"primulacea"
"174","(Intercept)...12",-5.12852244644206,0.00467778715818857,0.057485025545559,-5.24432397995414,-5.20195694959231,-5.16818582906057,-5.12789527919791,-5.09007422676646,-5.05532696075134,-5.02178950783505,151.017940325029,1.01893259363028,"interaction_stan_int",0,0,11135.3114969941,257.534595410465,14.1341793414793,0.689580534229623,-22270.6229939882,515.069190820931,"primulacea"
"175","density...13",-7.02012842983734,0.00639209396120751,0.0785999447171469,-7.17822149654838,-7.12047507075199,-7.07370459279603,-7.01893124315459,-6.96754264235974,-6.91967658170671,-6.87341451246693,151.202224485472,1.01896651571898,"interaction_stan_int",0,0,11135.3114969941,257.534595410465,14.1341793414793,0.689580534229623,-22270.6229939882,515.069190820931,"primulacea"
"176","spain_pdsi...14",-0.428211213548073,0.00200260970596296,0.02437917862771,-0.478009697427175,-0.459642104399851,-0.444779326961156,-0.427646533896523,-0.411515828753289,-0.397258322914219,-0.384778852186646,148.199079289647,1.01797132711608,"interaction_stan_int",0,0,11135.3114969941,257.534595410465,14.1341793414793,0.689580534229623,-22270.6229939882,515.069190820931,"primulacea"
"177","density:spain_pdsi",-0.58395189989036,0.00275008544252487,0.033463309330995,-0.651785675796415,-0.626673585972071,-0.606575770094005,-0.583164510765566,-0.560983639149404,-0.541517875474457,-0.524148371056365,148.0626103356,1.01799170455577,"interaction_stan_int",0,0,11135.3114969941,257.534595410465,14.1341793414793,0.689580534229623,-22270.6229939882,515.069190820931,"primulacea"
"178","sigma...16",0.138619413475727,2.76404724842604e-05,0.000695223214836106,0.137302449141117,0.137745225817696,0.138141293504183,0.138612007697381,0.139103265023541,0.139532172108046,0.139972592255337,632.641396188449,0.999365818525929,"interaction_stan_int",0,0,11135.3114969941,257.534595410465,14.1341793414793,0.689580534229623,-22270.6229939882,515.069190820931,"primulacea"
"179","mean_PPD...17",-0.199185787286072,3.53940732334948e-05,0.00140345857476767,-0.201994125454837,-0.200969720656599,-0.2001206077384,-0.199150955990096,-0.198226669394791,-0.197289367893993,-0.196522847882507,1572.30974553987,0.998961198330809,"interaction_stan_int",0,0,11135.3114969941,257.534595410465,14.1341793414793,0.689580534229623,-22270.6229939882,515.069190820931,"primulacea"
"180","log-posterior...18",11136.0267553335,0.0777836245478079,1.56238904895983,11132.1266023295,11133.9608461759,11135.2266744597,11136.3148623348,11137.1795979485,11137.7091496772,11138.1219845281,403.461426379776,1.00193693689683,"interaction_stan_int",0,0,11135.3114969941,257.534595410465,14.1341793414793,0.689580534229623,-22270.6229939882,515.069190820931,"primulacea"
"181","(Intercept)...1",-0.0351541509529821,0.000116231418993422,0.00321031649770441,-0.041405027138652,-0.0392699838549093,-0.0372994788847178,-0.0351041863949648,-0.0331061895184535,-0.0310692292139124,-0.0286067649585585,762.866636144526,1.00121561349847,"interaction_stan_0",-480.277697128971,18.1385179077873,12484.4300521607,270.291557673875,9.55071197646602,0.46618212436026,-24968.8601043215,540.58311534775,"ranunculuc"
"182","density...2",-0.0887619337251944,0.000188119235536411,0.00507124631178671,-0.0983788410198153,-0.0952874559403467,-0.0920350534911772,-0.0887878055796797,-0.0854603804108933,-0.0823565408687788,-0.0790060371051264,726.713117145543,1.00131244053717,"interaction_stan_0",-480.277697128971,18.1385179077873,12484.4300521607,270.291557673875,9.55071197646602,0.46618212436026,-24968.8601043215,540.58311534775,"ranunculuc"
"183","sigma...3",0.143800643614848,2.77475669772469e-05,0.000599961091903464,0.142623841864018,0.143044437000338,0.143412677278568,0.143794915061965,0.144193120492885,0.14457300192326,0.145001298665339,467.515869153417,1.00037043685239,"interaction_stan_0",-480.277697128971,18.1385179077873,12484.4300521607,270.291557673875,9.55071197646602,0.46618212436026,-24968.8601043215,540.58311534775,"ranunculuc"
"184","mean_PPD...4",0.0189259507913792,3.39417821831441e-05,0.00135222575089958,0.0162042611696101,0.017206754678633,0.0180364603199655,0.0188807890757224,0.0198707684298628,0.020658278578092,0.0215680571775842,1587.19073608986,0.99930383335368,"interaction_stan_0",-480.277697128971,18.1385179077873,12484.4300521607,270.291557673875,9.55071197646602,0.46618212436026,-24968.8601043215,540.58311534775,"ranunculuc"
"185","log-posterior...5",12486.3777738061,0.0452685871915953,1.18716170391786,12483.4000390879,12484.8049492697,12485.8150203107,12486.6611237232,12487.2753291134,12487.563751922,12487.7099966722,687.742520125888,1.00402766007269,"interaction_stan_0",-480.277697128971,18.1385179077873,12484.4300521607,270.291557673875,9.55071197646602,0.46618212436026,-24968.8601043215,540.58311534775,"ranunculuc"
"186","(Intercept)...6",-0.0811353565386309,0.000111241742347187,0.00364685454249411,-0.0883376717442053,-0.0857427522489572,-0.0834944460247136,-0.0811803842030449,-0.0786579011803952,-0.0766123732599273,-0.0739708786445707,1074.73481598201,0.999899768738008,"interaction_stan_psi",-214.193555884328,12.7986956618807,12750.5141934011,270.80774412518,10.8808536830801,0.54209112060439,-25501.0283868022,541.61548825036,"ranunculuc"
"187","density...7",-0.142488307678105,0.000166306552020306,0.00541864723808095,-0.153374647272174,-0.149357602723887,-0.145929023965748,-0.142580287968398,-0.138903419270185,-0.135768671383893,-0.131723483975459,1061.6052028735,0.999598038594558,"interaction_stan_psi",-214.193555884328,12.7986956618807,12750.5141934011,270.80774412518,10.8808536830801,0.54209112060439,-25501.0283868022,541.61548825036,"ranunculuc"
"188","spain_pdsi...8",-0.00992776137016795,1.3656561118359e-05,0.00042110893334289,-0.0107459957005142,-0.0104828736172653,-0.0102183502022239,-0.00992596441435581,-0.00962618291570458,-0.0093950035166581,-0.00911213360668172,950.837286056133,1.00316581783169,"interaction_stan_psi",-214.193555884328,12.7986956618807,12750.5141934011,270.80774412518,10.8808536830801,0.54209112060439,-25501.0283868022,541.61548825036,"ranunculuc"
"189","sigma...9",0.14225321715302,2.77354556807483e-05,0.00068389221355642,0.140938733646762,0.141352509087055,0.141760726916647,0.14225472407668,0.142727169986798,0.143155176191502,0.143531599893555,608.001579003718,1.00105262131824,"interaction_stan_psi",-214.193555884328,12.7986956618807,12750.5141934011,270.80774412518,10.8808536830801,0.54209112060439,-25501.0283868022,541.61548825036,"ranunculuc"
"190","mean_PPD...10",0.0189011885378211,3.35972673111885e-05,0.00130233565782382,0.0164163506171454,0.0171645144339234,0.0180139912267683,0.0188990701289046,0.0198270675907393,0.0205310972313605,0.0214081754252345,1502.58121054414,0.998264745665209,"interaction_stan_psi",-214.193555884328,12.7986956618807,12750.5141934011,270.80774412518,10.8808536830801,0.54209112060439,-25501.0283868022,541.61548825036,"ranunculuc"
"191","log-posterior...11",12752.2183499807,0.0564946872632735,1.3926860471814,12748.796270396,12750.4693140093,12751.493542353,12752.5146374824,12753.2322358198,12753.6833856051,12753.9741796009,607.702791667153,1.00348068169045,"interaction_stan_psi",-214.193555884328,12.7986956618807,12750.5141934011,270.80774412518,10.8808536830801,0.54209112060439,-25501.0283868022,541.61548825036,"ranunculuc"
"192","(Intercept)...12",-2.15419803132034,0.00686140410090543,0.103972642484863,-2.34075367223595,-2.2832579279636,-2.2277997079044,-2.15683823242304,-2.08673338193618,-2.01131740629594,-1.94137156585571,229.621298251161,1.00830561914179,"interaction_stan_int",0,0,12964.7077492855,276.062027671585,11.0027729586269,0.535804906322792,-25929.4154985711,552.12405534317,"ranunculuc"
"193","density...13",-2.97211194657696,0.00936899700805249,0.141978691900118,-3.22679185930253,-3.14921614362163,-3.07274769273789,-2.97556258070757,-2.87895031260025,-2.77725029967501,-2.68218142665674,229.646663802552,1.008248386516,"interaction_stan_int",0,0,12964.7077492855,276.062027671585,11.0027729586269,0.535804906322792,-25929.4154985711,552.12405534317,"ranunculuc"
"194","spain_pdsi...14",-0.786365745635419,0.00257357334221582,0.0388893601469498,-0.855693836673872,-0.834651611186923,-0.814096367078641,-0.787624527591908,-0.760853893165472,-0.733003107500229,-0.706498569065743,228.343417496409,1.0084348512307,"interaction_stan_int",0,0,12964.7077492855,276.062027671585,11.0027729586269,0.535804906322792,-25929.4154985711,552.12405534317,"ranunculuc"
"195","density:spain_pdsi",-1.06531072040143,0.00353278227396359,0.0533554852325014,-1.1602271336274,-1.13155635061288,-1.10305074002291,-1.06706127954845,-1.02991695610041,-0.992136015746602,-0.955416824053907,228.099536368484,1.00849001039138,"interaction_stan_int",0,0,12964.7077492855,276.062027671585,11.0027729586269,0.535804906322792,-25929.4154985711,552.12405534317,"ranunculuc"
"196","sigma...16",0.140959934819606,2.56754757719779e-05,0.000642182689870559,0.139688160723403,0.140157427259377,0.14053800925321,0.140963473949442,0.141381812226482,0.14177280132774,0.142237423243198,625.576160162101,1.00368948185349,"interaction_stan_int",0,0,12964.7077492855,276.062027671585,11.0027729586269,0.535804906322792,-25929.4154985711,552.12405534317,"ranunculuc"
"197","mean_PPD...17",0.0189620839124509,3.41334693127484e-05,0.00128000357761068,0.0163399910499662,0.0173912945731957,0.0181027037934814,0.0189638988750338,0.0198120449214499,0.0205665565710608,0.0213860526909626,1406.24665661773,0.999798885230258,"interaction_stan_int",0,0,12964.7077492855,276.062027671585,11.0027729586269,0.535804906322792,-25929.4154985711,552.12405534317,"ranunculuc"
"198","log-posterior...18",12940.4576464705,0.0853992276833735,1.48248780867331,12936.726395696,12938.4605531684,12939.6301067329,12940.7846774473,12941.5609537393,12942.0669390145,12942.4459294279,301.352205979429,1.01084111769789,"interaction_stan_int",0,0,12964.7077492855,276.062027671585,11.0027729586269,0.535804906322792,-25929.4154985711,552.12405534317,"ranunculuc"
