"","LEMA","2015","2016","2017","2018","2019","2020"
"1",1.15892762092005,0.324368922332507,4.94250092112005,0.376888204996355,0.0767158419826327,0.600771442179616,0.00446260869626618
"2",1.07910460340026,0.165978281895705,4.58611592323928,0.122901996315426,0.0699118510398636,0.698510637516742,0.14852046408082
"3",1.02331608038934,0.569230084166616,5.9377064173565,0.0794227616645859,0.274313844412832,1.16553926327224,0.0422988198220066
"4",1.01252564790358,0.245012684392879,5.33703902947458,0.100559325371834,0.00330373696123407,1.20579041059352,0.0943945165792348
"5",1.04114704284724,0.271910787701547,5.82617973017742,0.0198708010464144,0.0602050282838207,0.839586655136671,0.296796772153098
"6",1.13035690221661,0.0573372248010387,4.97564183486287,0.374998391130379,0.287860485120786,1.19800895738422,0.0399926451905377
"7",1.01770505868855,0.564038517823518,6.03369029745125,0.0275229054832301,0.0316109109355427,0.856141488398905,0.337647832986689
"8",1.02656666851884,0.0654623466785477,5.73285456105331,0.0118041926922755,0.0795868771855602,1.31816447537536,0.504603317421222
"9",1.00544133777439,0.0985927818729805,4.83960487030746,0.00699863136920013,0.11136015516668,0.902807909305093,0.0389887402635837
"10",1.00780996669918,0.13359914610824,4.94444672447713,0.0828644987420968,0.0132752987247987,0.611232760132301,0.323906442906225
"11",1.09406029408276,0.196433331461621,5.50138801037987,0.17809673129466,0.223812556818594,1.5470776894396,0.275302096380999
"12",1.01890707008455,0.23098558401631,5.4148138653857,0.229789259088794,0.109272144726803,0.818434007982362,0.207754240759391
"13",1.05590324815567,0.688792637402509,5.52663686178617,0.129473980194115,0.0903325101630153,0.693092454815558,0.258004868484582
"14",1.01731728590349,0.0796134239132865,5.96210741850333,0.411034257442546,0.142604110484707,1.34023516646492,0.0131791152506978
"15",1.01346733863904,0.0183432716787585,5.76219269451772,0.35982424709023,0.219953530116577,1.012612899371,0.297276086301317
"16",1.08624236794756,0.341917174149783,5.78425664420234,0.379432787971521,0.097988438869414,1.17562188250468,0.083632233298
"17",1.04918539264366,0.148128104314649,5.21050303000496,0.0535378095020116,0.0415001199291923,0.849602171218344,0.199614008162106
"18",1.00926945605069,0.0191478735076983,5.21321903686768,0.000626008465930035,0.0128577939185871,1.12652295269412,0.0804610853754898
"19",1.04947474863591,0.284420649484632,5.37587420582132,0.191107998350365,0.0287148624760913,0.659579663039143,0.142395491288211
"20",1.03629322332547,0.420680504605633,4.57542895330539,0.00795610561929714,0.0450445126038719,0.846647353654604,0.138155164054384
"21",1.02970572347641,0.128196239942447,5.92584463630867,0.0503851133999945,0.0870305581054559,0.975945387370723,0.183968346883444
"22",1.0038369963121,0.00358620664526237,5.45257431485606,0.165154619781551,0.0253443850767185,1.12155204034978,0.137182076108911
"23",1.01811573741464,0.440822197868199,5.5219323826304,0.0412659700775005,0.00860663576383829,0.770007226151955,0.289727850099464
"24",1.05535828089797,0.00344945860145598,6.17377226155373,0.0874368563317571,0.202196477502306,1.18552167027738,0.0396974360197923
"25",1.01125164957123,0.0573877513986703,5.13740019605927,0.114165823044404,0.150645964436687,0.709595630746577,0.387989865208654
"26",1.01434502923767,0.803646447992233,5.94811799260482,0.0462991940928466,0.103771525327497,0.851604020373742,0.393203417773122
"27",1.08150167905068,0.108477235861231,5.21481305930934,0.016676034125874,0.00994369983948297,0.784199837278708,0.547924367628961
"28",1.08798291541966,0.168513848505014,5.31701088781688,0.0434404623992254,0.00430631135374042,0.724550447904209,0.203844408492242
"29",1.07162414082018,0.289972300965159,4.77760425510595,0.0436568747098628,0.000351005856088884,0.881124157605971,0.245991389440796
"30",1.03472259529748,0.193233361428773,6.02320602304888,0.0841793182018332,0.0229217827826795,0.981833274379661,0.464437464794884
"31",1.02034403976467,1.30607304513071,6.12478640701645,0.0792336858142337,0.0271707473270644,1.75543352481445,0.494265410979254
"32",1.02037582727582,0.548190988503565,5.58192037021565,0.193994393513538,0.0373085606308916,1.16690163603977,0.284285870904693
"33",1.01616904214507,0.808091811222831,5.15145588131606,0.016361992634281,7.09063415637052e-07,0.5249719483413,0.035610364235662
"34",1.03229501595127,1.05897312845442,4.93696704930371,0.00854303076399005,0.00259832401851921,0.990657261668159,0.0981056785063399
"35",1.00707115592249,0.766547457814348,6.16261936037179,0.0652025930644974,0.0070506372451353,0.437251179356922,0.122875491039897
"36",1.06055032527796,0.226376641677859,5.39870852908617,0.00929385540624749,0.0328398317792132,0.382000245950542,0.0135198286156364
"37",1.04729256915271,0.0328210875982322,5.71152520959705,0.241125837373232,0.0518314501921849,0.765409397702582,0.307446684830548
"38",1.04441773364663,0.819984967763411,5.46015592389643,0.0385971507537352,0.00753539369286004,1.08655321007159,0.79797920083075
"39",1.05172480773244,0.443082533877294,5.49190498230668,0.185450540901545,0.00795791028355199,0.757115138195526,0.0815082918557411
"40",1.00283502397957,0.174281698442958,4.18954577090525,0.0737850870538345,0.140244974744346,0.461820504156643,0.0177887493718357
"41",1.04857814128566,0.064436842263856,5.16613471165689,0.0296408128931939,0.0741519150450268,0.977734562751875,0.193645532998617
"42",1.02058811196467,0.304657852299306,4.59305431239793,0.019513203987138,0.0632651339781181,0.697550985523841,0.055109375219226
"43",1.04963945014595,0.112514585037078,4.75268883396597,0.0503250693837563,0.0125364148372633,1.05678420264969,0.238988143034925
"44",1.01262484693714,0.55282732361351,5.63826305808958,0.000811724720866722,0.0392738859336428,0.777743762901105,0.0170196725902433
"45",1.19839515918414,0.02268553458955,5.97621694829737,0.120375646167079,0.0149610619221051,1.29280622097424,0.055155302974535
"46",1.05490536788143,0.152148582186326,5.23460390247713,0.00426302253007526,0.0221233695351828,0.803040645799232,0.059799250731587
"47",1.01361520217847,0.440800881327443,4.63255994144795,0.0742712492229139,0.0967986068185136,0.435845604315782,0.115782939490845
"48",1.06020343847413,0.14994393290216,4.91582949085992,0.151869691560167,0.0224830802669238,0.58055984770403,0.0843383156981269
"49",1.00328854857292,0.209957350454488,5.8480748545983,0.033521785519309,0.0572694698998169,1.28829557058697,0.124360803231853
"50",1.02030482971963,0.466593139111213,4.98146158147135,0.00723320005094523,0.0600652662459155,0.813652083663301,0.0501260622306122
"51",1.0058023361663,0.738745743449016,6.39592584930542,0.129468621882567,0.0676360033775391,1.12194048512287,0.742367563353899
"52",1.00614315265512,0.266219785616427,5.12330992598045,0.0233185765309113,0.0821207624792913,0.368854572163208,0.12020332191986
"53",1.05846025941858,0.876471931690563,4.86942899574198,0.0910815789945092,0.0193532174165437,0.915966450904439,0.568455823087138
"54",1.10870321408808,0.358231646575758,5.59777090699185,0.0541214990803435,0.0353345682586572,0.834690135490652,0.35883542975653
"55",1.0430148459937,0.299311013608218,5.10328823262309,0.0153825949223097,0.00405816088334005,0.489535649110238,0.486688690437976
"56",1.17676997989834,0.153346314196328,4.82110714866224,0.215710043080448,0.280696730966168,0.894516357647165,0.417114651646444
"57",1.05659346287426,0.813506647463392,5.90340591247596,0.0271665490998571,0.0119458070680447,0.856898587965435,0.0839506731182316
"58",1.003019271233,0.207860045602341,5.4909593632063,0.0047258340514313,0.0160661140382706,1.26179451157237,0.387968880111087
"59",1.00369132583259,0.222877710719451,4.75061554730275,0.377069517081805,0.00717451610673697,0.843214622240655,0.153822797996313
"60",1.0134569796738,0.109830594021587,5.72803725986781,0.0438639583957782,0.0761322943443562,0.861822440079324,0.209373506153723
"61",1.01304038737062,0.172857617685098,4.85759119304796,0.0169181893888123,0.00347653739677042,0.560320405581204,0.0810738457969107
"62",1.01111269206687,0.610409136179708,5.51239639152497,0.101854021935,0.00703373177243385,1.07722566914385,0.299073475639041
"63",1.02834722064343,0.145485858052056,4.96282066426547,0.051061381670936,0.0375310380368808,1.00283400571763,0.097236527159179
"64",1.00046711574835,0.988077211366401,6.38595760738294,0.172843770530295,0.0162472579594502,1.12590598381843,0.333601528777259
"65",1.02198224868501,0.0338248301630925,5.30016642329875,0.0178230251465746,0.0182030537079685,0.747006647456167,0.0244715926468041
"66",1.02493009761651,0.100292477942445,5.55958563844065,0.245659973501433,0.0698447242208793,1.13607175550119,0.481034209546026
"67",1.00823712628485,0.0810564404779954,5.51222721662145,0.0263941094629853,0.0696819487975879,0.927399519204271,0.740836872851176
"68",1.02744873609764,0.0808936935799118,6.39184039002066,0.0230204445020093,0.0156881644957262,0.513617947258973,0.178150164473291
"69",1.01109258105299,0.0610484439533881,4.74391812716743,5.9911643703472e-05,0.0808280321162819,0.369063497916549,0.129441063069746
"70",1.04042136694876,0.624948296183727,5.64431005920738,0.0530711444815469,0.0410199704100899,1.0643425874321,0.154766678103018
"71",1.06154008102597,0.322183053244578,6.14198542538407,0.055382174822738,0.0202487576301185,1.17277254138921,0.0473416349478095
"72",1.02592943633534,0.824131357493436,5.04151968056606,0.181640444674039,0.00953367048331042,1.15952010583232,0.0424184089537614
"73",1.00034931437791,0.244637269851551,4.80784878925359,0.0074166789326089,0.0182046017955975,1.00112168866434,0.500292698665936
"74",1.00193669819534,0.248791944862779,5.62773484675769,0.0626574807028912,0.032368130463871,0.863375034935759,0.339263998133505
"75",1.05890182485058,0.414191411701028,4.2969088272012,0.0942438046179401,0.0486422713961182,0.540354224568559,0.0459199313393574
"76",1.00716990213385,0.640357179950517,6.10147323443431,0.305826310005956,0.0178796192295028,0.794098862561525,0.0762239263801337
"77",1.08156524879713,0.300781758187085,4.73779959479672,0.112799555081382,0.023816453133065,1.16203435450065,0.11723104443402
"78",1.03780289308797,0.708810996748264,5.56166303333074,0.00923169913700232,0.104964904572846,0.799854688802315,0.205429890522549
"79",1.01139759200992,0.0407291761518178,5.38773005038838,0.067218466467204,0.0577154467008496,0.821670421949309,0.375477915160162
"80",1.00534198888048,0.101749808003091,4.98065350600768,0.0240354692247986,0.0208048490122834,0.895119794348115,0.077129483851586
"81",1.02330658666222,0.0275397386777841,5.21336715922511,0.143612534973812,0.0361825009883884,0.9801610771275,0.220221057627872
"82",1.04795928979144,0.209054744760209,4.61910673601993,0.215454741989095,0.00459854671899517,0.24327879905168,0.122287662581151
"83",1.04245635240597,0.334088449841146,5.7578871309607,0.0280850872416961,0.0751601101086843,0.999704338896627,0.414542857237352
"84",1.00670126189835,0.08916495170554,6.56533050116128,0.0356764191537448,0.00142684816322748,0.975185816544412,0.164790856382209
"85",1.02930600880588,0.150452812706319,6.23574919246542,0.0325535003367386,0.0112121517720631,0.587416059814316,0.229657176750907
"86",1.01722931225124,0.291632158176886,5.16137994541125,0.0313494548409853,0.0455719781209858,1.23083969378067,0.102798537652981
"87",1.03141583374118,0.154567302657069,5.92678961819002,0.12560325490303,0.0472133553553412,1.16449461540508,0.418238596601264
"88",1.0730779117964,0.0204941115050004,5.65871836047142,0.0184602658839108,0.00436714530158061,1.38839158054959,0.177774159484447
"89",1.03167466198179,0.285454484974057,5.81656992729311,0.000555668743533112,0.0585765056963271,1.24651579230898,0.4194327591227
"90",1.02016532160627,0.0270659600899075,5.06799885910538,0.239896584904568,0.0308142308174317,0.732753407613584,0.114227514694933
"91",1.00102822080982,0.182208938800449,5.29263448481416,0.149024589019328,0.0686211353359796,1.2336388745316,0.357753205901565
"92",1.04563934440104,0.182925780605152,5.4718218721574,0.0959055592905107,0.138854515873337,1.05716101536277,0.0957601813944276
"93",1.0577185570395,0.0643991237694106,5.41093627854342,0.000574703774859409,0.0322883298942599,0.693172987197105,0.031953869201866
"94",1.01068030360816,0.417109002238978,5.40549779432637,0.147349169535742,0.00615169507725079,1.35786487745866,0.0301749679939499
"95",1.03513773672856,0.311997783506357,4.77511847365412,0.244621089604502,0.111320894712947,0.583709919186747,0.312970416426118
"96",1.00494924680886,0.391334353262672,6.37083178096526,0.307382074527266,0.0114924891056317,1.07633903041892,0.663778708843557
"97",1.08750808766868,0.204536668618674,4.67616656990573,0.108296120038562,0.0217046908430047,1.09937984253361,0.105811014133928
"98",1.01103984968665,0.169017913792296,5.35680240777036,0.082783444437802,0.0381424248135266,0.933736522395221,0.0842885288496703
"99",1.00960126396052,1.16648085945597,5.45280272772125,0.382047588348625,0.0328904096765137,0.877969104891805,0.384561169475733
"100",1.14035030363614,0.16292444992467,4.77809023867989,0.031995245185588,0.0140514003566048,0.423674956285037,0.542627271459847
"101",1.02153170213687,0.04692897410003,5.07148678425643,0.186042216251945,0.0665239524487284,1.22853516623986,0.365405216833971
"102",1.03638168914569,0.298626972428494,5.62470117181842,0.118035738993512,0.027790141070039,0.741985072872396,0.246182812318305
"103",1.03281136599997,0.207574730822075,5.2597121974668,0.0234305341487526,0.000183996397245213,1.27565481487815,0.0641316224669239
"104",1.01429601564697,0.273859915691088,4.8999583077199,0.0092783225733223,0.0225698708112654,0.765989315134372,0.378680200017043
"105",1.01202218317591,0.458606343070403,5.36410807113812,0.181695762176636,0.0389803594237376,1.15754288384698,0.345238412195499
"106",1.00073120452148,0.107538312630732,5.4088102201237,0.11851156269993,0.00800619380285394,0.960158244743051,0.0159473380894649
"107",1.01142629794172,0.304886854847216,5.26687184196481,0.243714696994668,0.0514557697260514,1.0982709947479,0.636383742427318
"108",1.08116778938757,0.430276353962949,5.30232893732125,0.00322078473809784,0.018672347300039,1.05465480048108,0.366528553253685
"109",1.01375051748045,0.753997874665651,5.38225740181137,0.0295008273218263,0.0539419411110214,0.797861664685003,0.377980739015249
"110",1.00335411270323,0.588816720008905,5.68156760470224,0.102064307157568,0.0260736506963568,1.07505020969246,0.757540671838188
"111",1.01466025080845,0.2766838547043,5.44004436593129,0.0411707353043264,0.074856921922609,1.01908559927809,0.185603285492785
"112",1.03769161028292,0.621619968187475,5.23706384241206,0.0141815086580354,0.0249914396399872,1.28437566730296,0.241055940105321
"113",1.05441564035936,0.116178214024533,4.9183449480104,0.0958229148501776,0.0159187130720887,1.0209648538097,0.0131113610885429
"114",1.03293689582818,0.102944059072372,5.0998494430052,0.0433543384380973,0.185288987104403,0.894033756764273,0.290824120066823
"115",1.00968648678271,0.408784699064198,5.97281868993914,0.110962487649933,0.0966867071667931,1.00887961621119,0.0707802788570503
"116",1.0665736021001,0.036483435547786,5.49946085299084,0.00757416600395315,0.0742718683846912,0.921102594566611,0.13267623622129
"117",1.07385072330924,0.0999664064112303,5.83627987930934,0.0942126862499313,0.046201540403047,1.21509067129877,0.0995824943542434
"118",1.00316711541578,0.831371628171954,6.09733721216362,0.0189587737268914,0.0239764311238676,1.12918969825006,0.547317170363815
"119",1.02005114845633,0.0381692932146146,6.02241376064663,0.042179740517085,0.230433987611685,0.891808851916191,0.0818909742526117
"120",1.08754647204046,0.40515678501816,5.32168098983937,0.183272638360874,0.146312317897073,1.17612834767464,0.332149924102008
"121",1.02199488868945,0.114244467235359,6.049571080874,0.000584263992261534,0.0425295089863415,0.935657838220058,0.0820373619310998
"122",1.04487661376688,0.124335164714009,5.43880881873261,0.0447137861249521,0.0850460897328214,1.02561357262831,0.205201922233963
"123",1.0235422745611,0.273905171026506,5.41305139225127,0.0875484275002793,0.207930903145067,0.532021401787157,0.376338236624231
"124",1.00930665239289,0.0354900061634858,5.48502940888468,0.0260597852693084,0.0334619146906765,1.23237817245642,0.183378484215236
"125",1.01358311411015,0.667377155500872,5.347823196106,0.404269065727284,0.0455526663612717,1.20288582015853,0.187689415780266
"126",1.0532398415541,0.441371287032543,5.85314068176555,0.109379933921522,0.0871943153285188,1.24715434188802,0.108984275278697
"127",1.01499219801182,0.232280744736356,4.79744628176294,0.0374089716691425,0.0381886078794694,0.608529997926154,0.195632324232568
"128",1.01175453231881,0.385413047678045,5.43888602624389,0.816269462580259,0.0896469987580594,1.21899476712138,0.655058284174744
"129",1.00991395986473,0.4017910988746,5.42005637193106,0.0577222608010555,0.0566977320610183,1.08986280935029,0.271550775986034
"130",1.04500745997218,0.332266687624575,5.02051601730205,0.0180176129006319,0.013063908692753,0.895642078106643,0.152910025557359
"131",1.04906733602202,0.311189193871791,5.45657917155858,0.085924487804276,0.0849961540789688,0.67263731116148,0.270436580027194
"132",1.22717023009248,0.0762103090691836,5.2907673011731,0.00059096183212259,0.0253287467698965,1.23275448472031,0.0166056899550101
"133",1.19867405021984,0.287037061838575,5.86339267872105,0.0304854261442803,0.095482166793057,0.870218336335406,0.336145012138885
"134",1.00869169860035,0.389419205713596,5.33281733969119,0.0314740475167557,0.00191774271454978,0.844743914509869,0.176077418379796
"135",1.01925310577349,0.430632861550153,5.48765068662197,0.0601285513564154,0.171597061585535,1.57518261324868,0.200516306376066
"136",1.03070238196024,0.564914303225916,6.2357456908085,0.0644752927315606,0.0432877512618618,1.38645462553444,0.407489248847239
"137",1.19492071281377,0.592032724950504,5.43349127590905,0.0601393562890773,0.0184594440375315,0.917393425729907,0.354280293006007
"138",1.03116791104893,0.23197505086904,5.69715507345857,0.0523217096674088,0.0384134798579084,0.956441656083632,0.0661358471859675
"139",1.02732753497935,0.0638459027248872,5.49588360797998,0.0555035334344243,0.000938879446382022,0.904688593168644,0.249577439871819
"140",1.02977305902303,0.171990374664136,5.79935919078352,0.225079012975515,0.0607426467478467,0.800615412385851,0.0161437778684917
"141",1.02228378536909,0.287950657365458,5.93617747525849,0.309571617809362,0.00890816029995258,1.50025714230795,0.59592461082171
"142",1.01333178978065,0.226396384250816,5.91396278597197,0.0044919266869656,0.0163920094403985,1.11444090107802,0.208957994853525
"143",1.00697968598914,0.755342001106448,5.79458505161996,0.14331994837365,0.293059934867766,1.45204557620955,0.0865310698877946
"144",1.02517369492885,0.53226536896934,6.12596717432956,0.146951107952632,0.0424005912609155,1.38497664999966,0.310488218365103
"145",1.03236760277302,0.521852821497284,5.29580609780228,0.175538931568344,0.113171517601798,0.907630686453381,0.0106968012307985
"146",1.04092277629276,0.724871922622058,3.94944876615249,0.0503805617136362,0.0489353533616108,0.516852534877166,0.304883282920918
"147",1.05031363217562,0.244849565474011,4.87594812168674,0.0823153024673824,0.0131282954719513,1.3019021813792,0.26625014313959
"148",1.01131255635629,0.219166781042756,5.0038669714106,0.213578134029473,0.130745445940078,0.763806013696658,0.0550151245616457
"149",1.0007330317616,0.014585065186471,4.20616776550599,0.0924106211462768,0.0784152873161453,0.591365919929984,0.33576317663305
"150",1.02603621023543,0.192363230997758,5.3069890201484,0.103157496199681,0.0362052906126428,1.15273469921553,0.0813501130197433
"151",1.03839198111734,0.595204523763246,5.58570983003529,0.105916923581634,0.0227323665336868,1.3034418597619,0.581059721421119
"152",1.04848826038249,0.485582400584889,5.43831201199988,0.400641991374776,0.0202901994188086,1.53541046487979,0.108430999272572
"153",1.01159656175785,0.426946007122898,5.98371448683925,0.219698570949268,0.0309405724264615,0.831646431273195,0.141538354934757
"154",1.0158429939212,0.0797787168062443,5.5682346516087,0.116452276884897,0.00479861088821598,1.25741722539611,0.0580483054413945
"155",1.08525795182981,0.586854254066042,5.35645266299122,0.124840319890097,0.0604959320215961,0.90883991842198,0.107118617716612
"156",1.00619896951801,0.0661326704542776,5.60871522143403,0.116878203998447,0.0887536172263891,1.33196253152733,0.093073715730556
"157",1.00847530941554,0.086593315409922,5.05151412855655,0.0139933101003445,0.0190431216502903,1.24857365031096,0.277017462905723
"158",1.02273881567176,0.275452911293385,4.95749525826998,0.250265284786478,0.0534915038701115,0.858116059869017,0.427032185914897
"159",1.00209440853125,0.275983371688003,5.46746847670606,0.0954508708130181,0.033809589426344,1.48336855822112,0.206667552256664
"160",1.0290407858113,0.511472276931497,5.72753827151136,0.22269127343836,0.16859640637342,1.09652644182095,0.166210765289958
"161",1.02042133912438,0.0253191776738679,6.24566520322717,0.137306555782213,0.111563326483784,0.996973080331219,0.0151563551952953
"162",1.10602945439551,0.831206072124041,5.85735108652647,0.130542284724623,0.0625365327308476,1.09974475853889,0.223189800110864
"163",1.05860988251885,0.610885636491516,5.2536574425568,0.0242194900418266,0.0144613335263637,1.37776625050918,0.103878071993218
"164",1.18073366923115,0.267283527380847,5.61218953931444,0.164267193359015,0.0986517232903007,0.888793942656844,0.140479337710908
"165",1.02702540475054,0.708079991389513,5.38506419671231,0.0787393770259762,0.0402774510639098,1.41653623921263,0.616338712224997
"166",1.02033027605186,0.470174214263654,5.72996008689524,0.135922343514012,0.0330285678550529,1.25041114633893,0.263364113680662
"167",1.02183601900923,0.129962355443507,4.68329989420896,0.260615802328907,0.0138012297099633,0.793968196357877,0.143576891775376
"168",1.0220737525757,0.0346279038720398,5.4189219675017,0.0133924614985629,0.0243805640331215,0.840411306519755,0.354370603113075
"169",1.013579838684,0.183373677514526,4.70422776808116,0.00985206072328289,0.0172990868025858,0.685132249392847,0.0821003213315716
"170",1.04032004606091,0.838557633151018,6.02397100803447,0.00599990133895502,0.153445149881464,1.03361864183049,0.281425789239266
"171",1.05466832203306,0.25046040660809,4.35920035664068,0.0958352292814851,0.0086557047808101,0.644332623118848,0.140320069864441
"172",1.02143322067689,0.0807057989209034,5.45234844801997,0.216371513191794,0.0834618531853501,1.34142360740724,0.167548803296212
"173",1.00058946743163,0.411014213642524,4.71058047778699,0.0575714898552875,0.0951356366042128,1.16402138957204,0.0528555200828493
"174",1.01162503869226,0.0370454226149154,4.98423292801354,0.1433957218991,0.0952661092882521,0.568773252538619,0.350005955876562
"175",1.03800666704117,0.349967053987269,5.16672999156822,0.13202212169638,0.0520374340876032,0.980782523615852,0.146907234552291
"176",1.04617765496669,0.381443871934348,5.78459343823564,0.0140204414306069,0.05681364234282,1.01877290102212,0.344962966734003
"177",1.01667204915292,0.230308654523338,5.20636100930029,0.135946832432943,0.0280627613475567,0.737883940724498,0.195102083448421
"178",1.04999102151026,0.457352979166738,5.12308183251185,0.0939963116444026,0.00498362119567814,1.24702941411709,0.164276311234426
"179",1.05518350942098,0.103139689817651,5.70578390968757,0.0436754423894988,0.0622921445986532,1.24515780207264,0.0910492518112015
"180",1.01920140637123,0.606684385393783,5.8165798705021,0.454913124134714,0.195809563197577,1.05472474614851,0.490017497832382
"181",1.03409450705935,0.102573867886882,5.39754998323999,0.328643241311618,0.0147107500083718,0.928508828536103,0.0611315543090109
"182",1.0085097459393,0.0369049467834992,4.82019946100463,0.152296289662008,0.0128028610992556,0.808516037241393,0.180675173520445
"183",1.003246166883,0.0348266420548535,5.49999436413107,0.163329204241797,0.0288946903142922,0.907909639492058,0.123587097031755
"184",1.07369130959693,0.188209935266578,5.29623968939516,0.153343476162564,0.0153512191931355,1.13871636944794,0.322397625665927
"185",1.04867679379612,0.122074966245058,5.22579313614756,0.278574512250903,0.074680030495076,1.0114289201132,0.118666658358011
"186",1.01163181252986,0.0331028297961897,5.85149443672396,0.0112109553510414,0.121475978569498,1.68305655842504,0.127256575783016
"187",1.00976420212972,0.617048076979502,5.8066299890294,0.121891459917343,0.0855048501913064,1.2973745548537,0.503646952194453
"188",1.00376031016778,0.388533182668977,5.21397562603962,0.0764619274742498,0.0345900296141865,1.05904899604891,0.0538546491911781
"189",1.02103800503483,0.324223119089883,5.21810704688294,0.127599903446866,0.0668379129655888,0.956266607411979,0.29982661405084
"190",1.01358835421028,0.430512487915617,4.94210213548876,0.126001202392462,0.0711691081106623,0.930005417823092,0.120904546055494
"191",1.12415968665775,0.000290948452307957,5.30787294111216,0.0351281702968693,0.0237487683674464,1.40304121375347,0.229422349179002
"192",1.0134068112515,0.515165404545055,5.52510789594152,0.0948213051935549,0.00768310192157068,1.16383044828907,0.398408223146977
"193",1.06713997215595,0.145737617982915,5.04246626328516,0.0623624743901681,0.0142017895756087,1.15412915507366,0.287601388244777
"194",1.09349597531019,0.272883859671397,6.05553888344259,0.0872156353403147,0.0230905963060904,0.993714582658793,0.521656247971221
"195",1.08333399197167,0.11461036400047,5.0414723215569,0.0851694877261086,0.135678441913239,0.889741482097382,0.189055034917153
"196",1.01147308638503,0.0833952884808835,4.90758403103254,0.0516979836741012,0.0343145504373502,0.740558359931969,0.182191417351811
"197",1.05812648348784,0.196827513045588,5.06934902183972,0.156092554198929,0.258077081310846,0.760667551056566,0.310479268405705
"198",1.01281023284071,0.139867252442705,5.87524950694417,0.0709771069676899,0.0352114440814553,1.36137399023171,0.66521995312931
"199",1.07175646392668,0.194389630208511,5.34539257812208,0.178105318264374,0.0670284808849899,0.603005786502869,0.190674856504267
"200",1.00087649631103,0.115745090455853,5.51084606913488,0.200209140881341,0.130663832848795,1.11981982234077,0.135743235561145
"201",1.04318553072557,0.687035992048971,5.22769935486949,0.152917392111821,0.144618388448316,1.22390385436515,0.217159488398194
"202",1.02276534809113,0.188948271460612,4.67040478896174,0.243401188232209,0.0720014578306543,0.546533720965629,0.108442404481524
"203",1.0179074724268,0.547112052720276,5.73137788617603,0.175322013555517,0.00166763366929277,1.08414916234852,0.448756521979553
"204",1.02598397991352,0.0031736647993736,4.91299045869709,0.121788611516243,0.0098584063606626,0.850951038462573,0.137730306345
"205",1.03867942619856,0.970982125942219,5.94051053653277,0.0885951053020811,0.0413470885276961,0.805437401532538,0.184369746187951
"206",1.01991432490732,0.348749011502997,6.08908843442334,0.321661699530856,0.101954690336281,1.17527744633418,0.181779563563768
"207",1.03352040551923,0.178876543792881,4.67209660947122,0.0296799967984809,0.0767556530452802,0.827241050235573,0.369908638625516
"208",1.00959648881056,0.280098994566772,5.9920382070812,0.0151260455994714,0.0807661295271535,0.807059248751814,0.0853374514590136
"209",1.00510084586094,0.150077520224929,4.69707997189692,0.0221561611817154,0.0125311672794294,0.697445061247947,0.110025087964544
"210",1.01786996294584,0.480291957745181,5.34667218227219,0.24571892034332,0.0960593409448229,1.05948675053944,0.204782012115999
"211",1.06592784898506,0.285429160984303,5.25457287793444,0.00279920426038767,0.235474640955721,0.994987952967747,0.0213935932503493
"212",1.05707580887991,0.064644693309368,5.23713386562135,0.265276793854968,0.066575856871183,0.812448828128614,0.0884007838065431
"213",1.10283123882514,0.168947768328196,5.34364926647207,0.0225609516266895,0.0307435799922067,1.02586307206875,0.22863100613809
"214",1.00831760498847,0.145523310468649,5.4904788563181,0.194227865466436,0.2335400594555,1.42166736637406,0.318763873333225
"215",1.01066529820683,0.124011845588356,5.50378150613147,0.00261027206546206,0.00561171293388144,1.27777726798967,0.143438502252452
"216",1.08656093469874,0.678515783149598,5.59333981070745,0.178724866860373,0.080356590407524,1.17417981227918,0.613547402102276
"217",1.07997036283448,0.00924469850100472,5.38549155373182,0.0657109252175766,0.0694487134566767,1.21593062463875,0.370721616808784
"218",1.04080562068622,0.140640473125246,4.88699082969628,0.159529577342297,0.0475447298590954,0.850612506371674,0.275217439450104
"219",1.00867989168586,0.11986931111676,6.13038204717536,0.0900842042614788,0.0397609530358262,1.0716627270217,0.539028467825725
"220",1.02291850651943,0.258624597959827,5.27480808934582,0.0762095466724361,0.00179097907628463,0.627387001133315,0.18458512199391
"221",1.17454413669288,0.246144416738454,5.65877370373466,0.01758919974229,0.00451567725282996,1.19403208092372,0.216410509750092
"222",1.01081635164498,0.0842832663173146,4.81688786927849,0.152325326315718,0.00323882185794653,0.684444505546867,0.321720741292216
"223",1.01366099364274,0.258786577057215,5.10303967958715,0.0265829525669641,0.0430518902445822,0.684124198238837,0.345019830299497
"224",1.04361144373765,0.12578826222262,5.20776849792279,0.000663003248514724,0.0430123309038359,0.778677839256128,0.15092656824213
"225",1.01549461049216,0.142552221044228,5.59848127106587,0.146954443276505,0.114235579661031,1.17687152986077,0.906276251613588
"226",1.01442442534463,0.266382331263388,5.05120293158034,0.468554747053586,0.00966458416604002,0.851979293496036,0.416189945458631
"227",1.01477290577933,0.130467506630649,5.46051805288711,0.0720309677924396,0.0402495073084671,1.0126106404016,0.112216252566561
"228",1.11383965467375,0.131000203365089,5.01972797658778,0.00734555843872505,0.0716782255905242,0.530987305647125,0.0640859120724599
"229",1.07273127218118,0.210765360608931,5.10051176800647,0.0278315470425519,0.0808273949837553,1.3615418295857,0.416336517055259
"230",1.00495845738456,0.342964313138067,5.4145692958672,0.140653645310895,0.00699286847290907,0.732408746743302,0.410560371809168
"231",1.02314516338741,0.165720305344982,5.32588885452806,0.0110896190501586,0.0161896467872448,0.914086978247386,0.0376708228237923
"232",1.05572325915704,0.0880282724839579,4.64055579500791,0.284846732400406,0.162156245200856,0.351141216076913,0.240378351859979
"233",1.01755637769455,0.00800919519388131,5.36816628929856,0.0606387548456776,0.0111812382950501,0.853384363245394,0.0863792728737212
"234",1.10302907247598,0.486151777434242,4.42972815099785,0.0935313658203136,0.0386543211487022,0.211275282922359,0.174378302070784
"235",1.01030747001008,0.0424258130946789,4.96685285192011,0.0304992176977233,0.00747931924203079,1.23599112546614,0.566316165753034
"236",1.01812652079359,0.0640804247711078,5.62097287453313,0.0488456409333671,0.0349004888876243,1.09964813590912,0.297440123484296
"237",1.01848377522488,0.136564190594426,5.45224531485391,0.00641582237908638,0.00696320988354878,0.551363435855989,0.466557705981201
"238",1.11817479530792,0.0696377362982795,6.02875669784781,0.0661135042963432,0.241336409823862,1.02453360904515,0.486438660266603
"239",1.0089916565975,0.537216870240396,5.41012617787437,0.0235263162672981,0.021191130565745,1.24009642163189,0.294419772208571
"240",1.02735875938055,0.0642461528265045,4.66504728922872,0.032835329611331,0.005940289579084,0.972008594561436,0.193277565627377
"241",1.13981798279917,0.579023319494104,4.69525057971847,0.0606250036811634,0.0239099756012158,0.734733296880853,0.141433468996693
"242",1.03110978106814,0.55934368279358,5.26376597376492,0.0513680443186776,0.00311891039524906,0.329162379335399,0.146271464543903
"243",1.1227155895347,0.646345144555199,4.76476758119363,0.537470613472443,0.0207910624382154,1.1333544600961,0.256915371504127
"244",1.0374973288583,0.278871821159583,5.01771749849048,0.164040811005806,0.172434745079628,1.2268429891566,0.20598213285481
"245",1.09919442526878,0.62343707298653,6.12931583459066,0.0833456070946932,0.0521185742104293,1.25488209527229,0.10938529815768
"246",1.07079379858307,0.0731692302578004,5.31847497900121,0.229424249463762,0.0225780947318028,0.925995776324964,0.109689796229785
"247",1.0152931277134,0.149737045314756,4.9388913789154,0.0559220534741148,0.0584832114992152,0.73934856189914,0.187442850464463
"248",1.03669012300724,0.603664690437671,5.4460434161051,0.223352974441413,0.0573754187931781,1.00767653791225,0.0279475313332714
"249",1.06195936386524,0.0754155413126331,4.81118991134694,0.354588632703404,0.000927647766713547,1.22460391265176,0.16322109518705
"250",1.0444357227725,0.227938879735159,5.40105511116686,0.264081557425333,0.13600158353489,0.727020736535462,0.0101595464650686
"251",1.08479105921982,0.0964696338128984,5.63870848229239,0.0084960891155406,0.122456395696432,1.45353454799641,0.13298233831031
"252",1.03384808634395,0.23175353403821,5.06268558861149,0.00854484534683954,0.199651096586172,0.872433423767806,0.0395576264546474
"253",1.15800379808306,0.238891968393228,5.58149704989244,0.280937121269058,0.014984002410352,1.04258160073143,0.493736654276193
"254",1.06229614817819,0.137073474507792,5.56305693975043,0.0828049379587388,0.0176099167475833,0.787515442431528,0.0682577492120995
"255",1.07392506878399,0.169164617392946,5.24490488096858,0.331830139722016,0.0310655154074418,0.818971855691136,0.553318987308842
"256",1.07095976945417,0.739780040904968,5.4480147183393,0.0217511927705613,2.94913139474514e-05,1.00951349892203,0.0520712082711627
"257",1.04852928483173,0.113655684693812,5.88656314508276,0.145864651741547,0.011883504537057,1.24652594104582,0.279412070153832
"258",1.05990860871077,0.224945608574637,5.72016984113321,0.099166097236694,0.0163358072215592,1.01390883833148,0.233363205182457
"259",1.00354444948532,0.326488742404933,5.39834653732279,0.053897384857251,0.012242486953941,0.562914101492033,0.183544400776295
"260",1.0300767242345,0.189424725444056,5.6183348717145,0.103016180203226,0.0539729246999034,1.07386341922246,0.124674155955263
"261",1.02306533289441,0.172240342776899,4.97329589421104,0.0559105152610591,0.172463966347991,0.972751471055556,0.711789378007348
"262",1.11251199128232,0.47193303329081,5.77345508441994,0.0233609689936803,0.0170397956325639,0.896953663956681,0.258959399603639
"263",1.16905288466072,0.924858535643688,5.54941432631629,0.120111861508456,0.0181994670792543,0.990583613685327,0.349869740746556
"264",1.02980492102652,0.46590425192631,4.91882922332734,0.22009220715172,0.00805012494975294,0.623738344220159,0.155141326550805
"265",1.05666465261335,0.736189735188773,5.47172154748515,0.171401713170215,0.165379912420428,0.897495095961557,0.482716599782712
"266",1.04770270590154,0.167758914813864,5.81556702676909,0.0346213397592835,0.124416035900024,0.901278410659993,0.100540094682289
"267",1.0472781267122,0.191279082342432,5.31310104337117,0.00894874615638732,0.151162838127932,0.680210039311765,0.282123819341699
"268",1.03722064979458,0.40658862293474,5.51119716379189,0.0117852168512892,0.0403343740185537,1.20098664712831,0.156171341993785
"269",1.03921780643844,0.223562895444868,5.04690821921676,0.0959819086755158,0.00145284124057386,0.655764601564906,0.630905065703094
"270",1.01967680080824,0.240320474848174,5.39096128148931,0.076706005560239,0.0698465071983806,1.07379166118578,0.128841859210286
"271",1.05411805088281,0.0935495986170414,5.52560379989441,0.308773469343729,0.00603441197759523,1.13872462539812,0.175720262577043
"272",1.02238274274067,0.426645362531766,5.13866873882162,0.00814182212126691,0.00144550877401939,0.612180548225043,0.0120863887563323
"273",1.08215008682012,0.339735258540032,4.92151861284598,0.147147694937084,0.179314860548079,1.57941371471368,0.0489592272749649
"274",1.07514347353563,0.405174910356864,5.443781820364,0.0802126691704576,0.0228578121735499,1.52588138155997,0.106091660204135
"275",1.02839794201162,0.48852927538021,4.90603737132621,0.0301014103229524,0.0972808867113667,0.491198936057043,0.213202761432174
"276",1.04040146891726,0.239528714149529,5.6858173676042,0.0449050315018679,0.0499598652674836,1.09389763527742,0.168719042972675
"277",1.01608695918886,0.0786136718735525,5.6917674540769,0.133690310215432,0.00276474950534339,1.34608984012851,0.194228537120659
"278",1.0040741652247,0.146255902934519,4.88081789479148,0.0103228134597477,0.000239458342177524,0.904442231482395,0.158258312621703
"279",1.03795624382636,0.0186184048566108,4.84504018022391,0.0236708267465286,0.00995853329247921,1.0866656480389,0.0517481130945882
"280",1.10863153351852,0.24627632297612,6.34122045124812,0.0643536340890411,0.0464693782486048,1.56289746030438,0.00649289320435484
"281",1.01092310529055,0.356840154034696,5.18540507763127,0.112896227266783,0.0154309001220989,0.674470220802811,0.377171662022387
"282",1.05145826442267,0.01223018427869,5.19897532196332,0.0184205368613478,0.0160741747181444,1.03078097052012,0.235104583539118
"283",1.00337143297844,0.333071282499909,5.75746228910911,0.171976313199388,0.0371004043483435,0.952993166758546,0.0190705238780607
"284",1.06541113540484,0.0541326520044665,5.25714104827673,0.0246496814138856,0.0331946214908843,1.08997672143181,0.444749819321592
"285",1.04344931354189,0.590558923014284,5.06291070366628,0.0299358533892383,0.0399087660987819,0.498641007675219,0.559164671392309
"286",1.03475899649195,0.106418599792626,5.581694841764,0.38353833720321,0.014578266689468,1.05680313148556,0.396761704263656
"287",1.03991194484271,0.532374025883695,5.15677393124063,0.0280248635269333,0.0298891057350423,0.863664724727991,0.124543879023949
"288",1.00466578230338,0.154923733035278,4.89322247758166,0.162187331374641,0.0617293435344811,0.887215623835761,0.103544992062298
"289",1.02014693731319,0.400851495739127,5.07354014057657,0.00539710640656205,0.0576097059088875,0.853378703569714,0.613856763734824
"290",1.01425051812985,0.217447242868567,5.53173265023083,0.152101320417416,0.0527409895824151,1.15450961707368,0.450096559340899
"291",1.01195813037256,0.794696126263857,5.62308798343836,0.0448088943739728,0.119205740618628,1.05607946206602,0.0292191468941412
"292",1.04557956629771,0.57484054665452,5.16976418335283,0.357291660331209,0.0639166950057001,0.946393816659719,0.11442371045284
"293",1.04874424055827,0.0377387570554094,5.12328104542084,0.114859245856915,0.0864466847937647,1.53386793396681,0.396220951463125
"294",1.08903949541281,0.435625834486684,5.39464671585998,0.0661677960179124,0.039484041525375,0.60727912473448,0.167143995964826
"295",1.06484246239816,0.331456112051079,5.25240455958806,0.0588602788550859,0.0262218537772701,0.457335864505644,0.219116013126313
"296",1.02595141446657,0.168176524579675,4.62450695312911,0.000901758291353386,0.0496493306331289,0.979582845319848,0.0835881970922019
"297",1.00640747824866,0.136047978070171,5.18881632980963,0.0325157645827561,0.0450206589660675,0.864350202092341,0.103029364415589
"298",1.00372096495414,0.0122596795223039,6.13508651358719,0.12081830337733,0.0864981814242919,1.92584823726615,0.408040822369484
"299",1.00426989642448,0.195460237656363,4.71406754987686,0.0196234769679102,0.0150448965350272,0.618914939272078,0.0597617470864177
"300",1.03141961080645,0.12783734640636,5.02677020299417,0.00634099734268918,0.0910552721871752,1.5855737252241,0.231258977413095
"301",1.00118130407686,0.215117621660622,5.27956596726447,0.0423345613777541,0.10834584278283,0.791775059029573,0.719462782503727
"302",1.08113011613321,0.212642418123596,5.5750559394284,0.134139506401242,0.0285907656772365,0.662116679724024,0.097983536366855
"303",1.01344010375617,0.401703726604626,6.10879046536533,0.00567774386975744,0.0411296763577795,1.24557691434353,0.115755450610249
"304",1.09340403602015,0.353226266707214,5.5650247983494,0.00241511022837115,0.035885673878897,1.11916016356881,0.0383971868619431
"305",1.04153518077627,0.00833088043836318,5.36639314300978,0.0165508622693895,0.0328063994689441,0.596549670129226,0.204192300697395
"306",1.03547696015997,0.302262151889953,6.01996021860899,0.014701602023549,0.0607533711047692,1.53112423942413,0.565108424747503
"307",1.03794902681314,1.04039470323587,4.64254347798808,0.132512826019326,0.0120493321986457,0.717305325299333,0.0108439374583408
"308",1.03846233799965,0.261842616895924,5.65650988673004,0.209600752202993,0.122259580132222,1.10277070837122,0.410781716164023
"309",1.07161059995811,0.280073059848663,5.6125577116604,0.050277141337577,0.0607598490069416,1.37179730151673,0.235520278481366
"310",1.00135166215051,0.177465994360058,5.56284762180692,0.071245668892598,0.0220003486703531,1.02886632408115,0.284006197437654
"311",1.01168928902801,0.0107982105443107,5.1669144981549,0.0899989292989252,0.0416931812590347,0.491465295644371,0.430607709959823
"312",1.03304157695979,0.272515936316354,5.38596257069973,0.0288638835076656,0.00959876586623555,1.39856220506381,0.200938092442838
"313",1.0125394032801,0.957813181509751,5.58261775112979,0.036381051222168,0.0322142515887575,0.782051083141152,0.211358529516219
"314",1.00948440005922,0.114863041289018,5.00050926323709,0.00558200146507402,0.00310837528135719,0.64198201620551,0.402077237046799
"315",1.03905794655916,0.429718984459119,6.16814048421702,0.619752079142287,0.0667976634605657,1.02345842317169,0.506687046835567
"316",1.00047487566937,0.180151618660873,5.32737473920643,0.121609905245627,0.0488966027584921,0.734911079931798,0.445996044443729
"317",1.00795603141927,0.0984564979084613,5.27537570180234,0.00991170565180363,0.0289937174558311,0.810190909263976,0.39662406154151
"318",1.044963680585,0.0492523690023398,5.42254631917156,0.0716599855541272,0.0212868544986163,0.683252171117387,0.187368224477554
"319",1.16744975289598,0.215932300117466,5.34049582679663,0.258555980488723,0.00627352892334053,0.754792216303362,0.361840322066961
"320",1.04887187042622,0.0920974440134762,5.63822233923403,0.0523728690472778,0.0285599065339739,0.920125247018007,0.369340395615713
"321",1.01128431642672,0.842891578614047,5.50418923435087,0.188914797948787,0.0838539243353817,1.16825301934524,0.21531048784275
"322",1.02893727017521,0.0842818144304456,4.437137161679,0.0497516242619304,0.00807233066029838,0.186334171348617,0.069346354493805
"323",1.00955279858488,0.176468332228137,5.05758519498462,0.115461856549926,0.0556081249403319,0.337047824520189,0.302690654186803
"324",1.03892824800918,0.598446331824508,5.85097791424602,0.0228679054955539,0.0645231355605601,1.09419955781216,0.13491263228926
"325",1.03106372467657,1.06805648909087,5.47860008331819,0.0802470028689335,0.0440363955129955,0.893334782724804,0.113713894969787
"326",1.01974330146025,0.10853611516246,5.82574578375459,0.00631347788641849,0.00400729275988568,0.834699039279976,0.0828349678386499
"327",1.0251475794507,0.131621348837,4.8510781443888,0.0231727198471306,0.00470548952727653,0.445938129050302,0.0926821730293307
"328",1.03549469012911,0.116015410012583,6.01120176084482,0.161962389203787,0.145429305116386,1.41153048166988,0.20524703632492
"329",1.15282783381766,0.232321574331596,5.46799135817069,0.0808432773145398,0.0117038721536699,0.732513303154268,0.0724953827855122
"330",1.10619741036404,0.554462823874044,5.48979137727031,0.338484730692607,0.0659774743195458,1.01583078439176,0.0449378533685691
"331",1.01521123894926,0.120240680733783,4.42032187528122,0.153489974835612,0.0199031138561225,0.739961674372615,0.035807081468746
"332",1.01375682828206,0.222721675676929,5.45306831584101,0.00265326798459271,0.0053209903534283,1.41328362381777,0.113117940665787
"333",1.0205768582987,0.22080885756913,5.16793565192487,0.0759866592372026,0.00648564703045699,0.823705545953043,0.111650625948187
"334",1.13926816295808,0.698101675704053,5.30609906346026,0.240276100616942,0.0970603214755526,0.492936097118411,0.259154819527375
"335",1.02022603812907,0.116360064093985,5.37562357545737,0.364966011323041,0.00114347386243364,0.871971272346598,0.366987948477745
"336",1.00581365524337,0.131362881960376,5.59832507185648,0.160707210099998,0.0162199220163877,1.32765401849345,0.280802483946685
"337",1.0101925511486,0.0263299337893535,5.81361814328863,0.039069380559026,0.0104417963300403,1.07154432764172,0.244158614070268
"338",1.00304164620208,0.454295655398445,5.71514028245523,0.420821254842729,0.090774954048894,1.16324060786666,0.194972092693489
"339",1.00384645155232,0.268753915324132,5.22213363543516,0.121545353390933,0.0851283723725933,0.781039829150213,0.181790173171892
"340",1.03584803283286,0.0939676510695097,4.95542713465186,0.00224439339075466,0.0315303612972034,0.948036341467915,0.0326608352382866
"341",1.04383468741542,0.661447730567827,5.58080426600408,0.0214482490204086,0.0692366588275075,1.53286269559694,0.466880872088744
"342",1.05181633406192,0.301803248615414,5.34423282320764,0.163143555000414,0.0707593631637196,1.28170947892782,0.147681572914973
"343",1.05537913528164,0.546253666647408,5.39319298405956,0.102777019175408,0.0375154423279597,0.808969041083768,0.216986087657701
"344",1.00494428630633,0.673102095655731,5.4160186084901,0.0801622624915813,0.00431439917942193,0.817044929564781,0.360784757762469
"345",1.09146059413711,0.0681428661722794,5.58547319863048,4.25315289801559e-05,0.0155782077577428,1.08893400414666,0.116211257088591
"346",1.02632340954178,0.65231694981495,5.8374575348945,0.028258638716354,0.000833171651319015,0.985581632581847,0.376743027923657
"347",1.08638550836924,0.127191697460676,5.37680702186458,0.143291960723939,0.0307423204421604,0.878175454224017,0.0725725481720832
"348",1.01418120882522,0.531719313827052,6.00646388432607,0.282919540682123,0.0475257706618782,1.01070687948847,0.249132261383321
"349",1.00881882841658,0.165065282162567,5.41669873437893,0.0229152749700292,0.0480429739590794,0.780618721291255,0.223428321882329
"350",1.00220598489143,0.259939168864523,6.01401833571163,0.109920293370562,0.00370939846920998,0.736921135014455,0.0169175759787368
"351",1.01950737929414,0.135874159579453,4.68178098814416,0.167058335935341,0.0280324291656501,0.892916455856221,0.086449749784527
"352",1.06028519589983,0.354082238246868,5.63552994829037,0.0893109088807923,0.087961218308422,1.35908395436628,0.429458404440958
"353",1.06042688264753,0.298493807392255,5.71849782458657,0.26132963875552,0.0989091949774308,0.820710865290773,0.58118885297521
"354",1.04213797906051,0.586022885855809,5.75295106930995,0.0567722692816321,0.0937451058065684,0.93429136263562,0.121158516642157
"355",1.05906038938938,0.123441881995717,5.12702681300006,0.0972215236157796,0.00774688969735832,0.728872681711377,0.303076726506122
"356",1.01138244221425,0.45838676947948,5.50582839252034,0.0147335842472886,0.030802587381169,0.975536809414678,0.41592033701661
"357",1.00221954311075,0.678635848017068,5.61976810906716,0.0563951019718624,0.00227330758975749,0.954512458036826,0.116275259323844
"358",1.03222398261316,0.359399443694718,4.72993595217957,0.0272454815207304,0.00082103020470755,0.875647592276941,0.031314146149115
"359",1.02128937856797,0.226821209252819,6.13654159518959,0.0181369398161587,0.0548814165106792,1.20736391673513,0.18447877376986
"360",1.04389496611208,0.412980842839503,4.63704512052742,0.26944292219996,0.00154831093714282,0.662100139262357,0.14415751232749
"361",1.00229805709504,0.722770871214676,5.42068975826382,0.0818377372214524,0.00223079644828912,0.874266419131476,0.169088523209918
"362",1.01486548645057,0.207112783142935,5.21296134200146,0.306502521425682,0.0495798857448509,1.06235698913415,0.284553889253898
"363",1.00145751175464,0.00837309828560832,6.03283067031791,0.0913935133687333,0.00854171414698837,0.893914239221383,0.0556170741824474
"364",1.12922419264792,0.18138887631492,5.63199087637438,0.403647873393935,0.00227985371736288,0.979128778154224,0.245285011583174
"365",1.11415001420079,0.375351114461052,5.28078607471804,0.00174368217065175,0.016055031841213,0.946110113067866,0.0453784317769236
"366",1.03439671959836,0.439951150691923,5.55557457769053,0.24980186807787,0.0533406873659023,1.27432608026765,0.129789372990686
"367",1.00461018080461,0.0832695807347808,5.62002591388692,0.0128348120241601,0.0271931448204694,1.0759937423493,0.032016999665213
"368",1.06881895692339,0.285582239558044,5.61714305638697,0.0749005959343072,0.0464635554977555,0.99594361448658,0.126929114425285
"369",1.00312442152047,0.140139700071217,5.3614381845362,0.0649719213125284,0.0191925633702482,1.08452332871053,0.212905124631019
"370",1.01304018546696,0.687219774910133,5.52425800638127,0.0405209177041504,0.0171453332119309,1.13302746701138,0.209919178426826
"371",1.04794638307427,0.299601252919392,5.85742854208198,0.31900409888821,0.176145978555679,0.916129243290266,0.310692294924756
"372",1.02124372708971,0.079999953314349,5.17863380917595,0.00363820064796911,0.0612635831364764,0.950862772435848,0.24944845713668
"373",1.01613099305511,0.0539533621546563,5.3444946531278,0.0884172900527909,0.00645690355701049,1.06290838671109,0.282392197330324
"374",1.0731335800307,0.00874989914876887,4.8187219432916,0.0373791917112403,0.00120758267409757,0.833527000152896,0.168695908151494
"375",1.03200375561549,0.560168561560714,4.8281559013257,0.0684309924489192,0.0638242033486942,0.940197382087699,0.111960342985494
"376",1.0085238735638,0.628755951219747,5.74265408408953,0.0888187489192645,0.236497644532234,1.68996556044779,0.0629043615499545
"377",1.14498710696995,0.0658697552910329,4.9199856510105,0.33249277303677,0.0753148983487921,1.25179824221189,0.0539038888095597
"378",1.00292962741967,0.223636192562324,5.68998962187547,0.171673616931753,0.0391347385393327,1.25932809248415,0.268507245658447
"379",1.04207960657176,0.0540012798680234,5.47958032617025,0.0167573795735735,0.00290355403657605,0.561366989049665,0.511908657394515
"380",1.00928384147913,0.0181575695978647,5.88437715611749,0.0511755359508909,0.0549687291614803,1.09993642975981,0.281035339760335
"381",1.0022966130248,0.019431827789608,5.19865641721502,0.163363797667876,0.0335476029355746,1.12382209919538,0.322513781969754
"382",1.02008072132615,0.126785788998833,4.89911652434734,0.0187699563021367,0.029307398592922,1.04438868967194,0.0348040936948511
"383",1.02876461162071,0.213110248741454,5.09893609020034,0.138857716857362,0.0603360483417824,0.975982628102612,0.217489186495415
"384",1.04249785358395,0.145589561533278,5.26150382947608,0.0344751789837585,0.0237482853976363,1.33224934536185,0.162205413220707
"385",1.08680662657362,0.257977052952276,5.50063487562562,0.127253691675035,0.0572138246411978,1.52551052168945,0.0974832188175126
"386",1.03029485269343,0.44142472692303,5.63445489527416,0.0494152249113818,0.0747250008964206,1.39689828219236,0.506856100812822
"387",1.09383879819129,0.2118242902418,4.99285797924707,0.0660999261351788,0.0294462900602712,0.925155324371421,0.249438654938488
"388",1.065785703783,0.448605335173082,6.05185994355649,0.297102989264709,0.0158827804976837,1.14621779826409,0.102945105162468
"389",1.01180254482563,0.0361266964690608,4.9082404594369,0.0337792668168316,0.0175458575132201,0.987944244564134,0.0882883496320831
"390",1.03229287211454,0.163052437312113,5.46257211423905,0.0695346088111876,0.0430840661431726,1.15752541655316,0.0104404296994699
"391",1.01262311414009,0.220288121525136,5.23375670625681,0.0350271917131958,0.0441994448847336,1.16038367062271,0.210467666661038
"392",1.03714893896341,0.0502520397871527,5.66391462889672,0.0642952378895588,0.00532246576767179,1.19278185079126,0.0259694566291171
"393",1.03491924284934,0.205538532197707,4.93723565919638,0.114166888379394,0.0722083138876936,0.891773172568609,0.313081705455358
"394",1.04721017280722,0.553896183252023,4.87255817052562,0.00908699895201476,0.0287617170733903,1.16232353539724,0.0690979835717993
"395",1.03629176660952,0.174698108281436,5.46102733684197,0.148713145366972,0.0770466324582292,0.986844139927639,0.227408950532062
"396",1.03561484701345,0.0830500356269692,5.86416406164641,0.158707348333539,0.0561473621702862,1.35419789024816,0.757438277511482
"397",1.04759685385585,0.0317048071995455,5.15926397005611,0.0210945086827828,0.065117544656823,0.838248146120605,0.169679029373154
"398",1.16712803486816,0.0191198551902779,5.10826400318117,0.155745589318071,0.00636622241422038,0.635825806402094,0.568653907719887
"399",1.0314632272254,0.266718662038394,5.31434916657945,0.0181433815207389,0.102247528010466,0.516876152391911,0.0680004076305076
"400",1.10515087185943,0.443586049457304,5.95126528964852,0.250716078537458,0.0187052496838199,0.991899102843634,0.0741826415095931
"401",1.02458586230141,0.461530449321031,6.02956620075519,0.0314046313214162,0.0396100262833984,0.902845134202995,0.572464708271254
"402",1.01189054995148,0.408280443709067,5.69557314194361,0.0392375144448957,0.0465646583250125,0.934407595720925,0.566558767117762
"403",1.06793561722134,0.149921037920649,5.60717427671798,0.547328716458451,0.0584074496863568,0.82627658895705,0.434392196662473
"404",1.24380138254852,0.297722198365609,5.4321611656899,0.0957263592279901,0.0369458388951861,1.24662451766459,0.507488999684154
"405",1.01472778995425,0.402853162588343,5.21553012305186,0.0109184483965826,0.093887726035352,0.828833343786111,0.102171757392344
"406",1.140478118776,0.660100165956135,6.28892428559968,0.0418516487227145,0.111184299869414,1.40127091470871,0.150719392124859
"407",1.00067771114485,0.164064657362245,5.39312793757294,0.275497696851694,0.00230186788243657,0.878755356728852,0.146448252798299
"408",1.031744046398,0.0655634707784184,5.06425896392211,0.0197164443504008,0.00542578747986327,1.31416079387082,0.730027562587161
"409",1.00587057260944,0.118614796573103,5.30360390639078,0.0143863969029396,0.141039794909905,1.19782521462636,0.0988613653384965
"410",1.01098818050868,0.00289525686442613,5.09048575241819,0.0958557635048174,0.133019604211211,0.824560031561028,0.0615302910038733
"411",1.04132026396922,0.00826346598910992,4.96883976879442,0.27086191657136,0.0107221488349498,0.953255907845791,0.059970573508081
"412",1.04135884256007,0.164841382788051,6.03791407032666,0.179802316422959,0.0191834289971613,1.12890420840268,0.649775083732687
"413",1.02542248565425,0.681915691783381,6.02407259571524,0.0240798772877213,0.0733578424849804,1.21153765692177,0.362765765650181
"414",1.04555516464562,0.325352353364764,5.49911591888414,0.0288567296547485,0.00505506646418025,1.22628945723392,0.0916590484712
"415",1.01169769996899,0.151136145711152,5.25066991776026,0.0323020661172652,0.0265592168248371,1.07691631311741,0.564176258439347
"416",1.03104136548771,0.106618613815791,5.4565181877333,0.0312637111175864,0.0895764154926367,0.980819688630528,0.273125810346269
"417",1.05676358425255,0.287142150118905,5.05133963956822,0.136245311274193,0.1175602065914,0.9537139030258,0.0621080407168036
"418",1.03898468543912,0.271254487339414,5.29552852837549,0.0952109486209975,0.056499961942497,0.787209050949319,0.216757541843
"419",1.29050063640028,0.575111971730286,5.4229372931808,0.625549725400948,0.0320157173728533,1.35844258179647,0.101278386087052
"420",1.09785700714642,0.137265669918369,5.4449924422524,0.00891685914189198,0.0283063682817132,0.909810659858091,0.572104138280717
"421",1.09182035473865,0.145466282335365,5.08231303165165,0.041269897970658,0.245889125999366,1.32584549469065,0.148603540603742
"422",1.01927095725164,0.102024940295655,4.78879839667281,0.113561791327648,0.0222408762498449,0.994988353714563,0.244222962481014
"423",1.0313725046544,0.308235749544103,4.9395986449589,0.313197573498807,0.0329856174751065,1.36992458239184,0.205206812563593
"424",1.01393719109774,0.66146821847771,5.85970993702651,0.135615380629497,0.0114560898332207,1.04300805692775,0.448214920160485
"425",1.11882559449507,0.861328339597005,5.35377368273959,0.114577070915365,0.0241576193175706,1.02547969898297,0.473414950270075
"426",1.00087840260908,0.23236099650409,5.44829664970942,0.176754197886904,0.0292484367223685,1.26469511963901,0.0923233273004981
"427",1.01396690134241,0.592297799892664,5.6108563529227,0.0616961663687999,0.0184074352551272,1.22495719080875,0.210222246813893
"428",1.00952607457816,0.459305931134202,5.4476365259344,0.488543280103707,0.00394484628357309,0.645299337808817,0.552209295970371
"429",1.04733651205225,0.349429217417768,5.22263584915582,0.025331725222727,0.000974526399519407,1.40751778080196,0.239434636781988
"430",1.01055101373037,0.115618064466768,5.12191155809105,0.110922355516819,0.0607903033318941,1.08467654794419,0.110144159225214
"431",1.01990091125986,0.351236234206391,5.57226660834533,0.135123596970485,0.0291179907974396,1.01770511051237,0.0273413728296126
"432",1.04152074430312,0.500130009785834,6.38457091925161,0.0270379836180294,0.00180397269663002,1.81138578948057,0.011205696480824
"433",1.00356373246713,0.750539467772006,6.34034449731675,0.303058875225507,0.0303420723128515,1.24429128778285,0.647349581435957
"434",1.05960622573954,0.259460329868989,5.5638444554586,0.31211001057279,0.0222614440415522,0.73539360312456,0.275811504768337
"435",1.01010131929887,0.184354488826266,5.66340363212118,0.0767805425253542,0.0720980179692984,0.957736022760916,0.229487205355133
"436",1.00899989641431,0.0247878730380557,5.28515499002713,0.126980043649221,0.143565273066449,1.23350160255651,0.0222785053105934
"437",1.00009637350436,0.0147901028829936,4.75101518222469,0.158228521186911,0.0638151207499643,0.72714805698008,0.122797609858488
"438",1.00904740606237,0.229133706450233,5.43375976210126,0.0516866492384783,0.00185025152862775,0.990849077111629,0.209431278041818
"439",1.0306952433319,0.0722775731540284,5.2523038427386,0.136516794011927,0.0483375239439535,0.647665876187916,0.0588496132587405
"440",1.09013035188552,0.179016251619261,4.4690282851132,0.00396448203282708,0.000590644209326544,0.925173026774779,0.0183326788309825
"441",1.01683336286359,0.289517596345289,4.86855077297858,0.0257785119918355,0.0437423352818196,0.747714693139839,0.158279337082694
"442",1.02512778686284,0.327817654391432,5.67797238694643,0.0246875001242434,0.00244263630805528,0.937266184852702,0.0363174598617606
"443",1.0819231496315,0.132301505225376,4.48213544388662,0.00558084507729088,0.000697812554063849,0.938177593872759,0.0172304430865151
"444",1.00960652770471,0.24125815168967,5.39150572142621,0.120313512170644,0.0043481508797239,1.37090182918659,0.29457993119187
"445",1.00659409596573,0.470148292754867,5.49571964202501,0.00959628003537609,0.00734573231569923,1.34958728040335,0.919573076866396
"446",1.06798385877388,0.336246489149097,5.59987090637694,0.0284255837730623,0.123067022159366,1.1438847756939,0.211050593420842
"447",1.03133725432608,0.691248317199158,4.98654305856579,0.0682358811763222,0.149992938341557,0.87354782911008,0.245294553231046
"448",1.00175716256877,0.0998572269783976,4.97302627106294,0.165601225337114,0.123983086240799,0.907417450884213,0.175250651798581
"449",1.0476449893891,0.151464223342878,5.10416759078415,0.0185988862513615,0.0455391879404575,1.01300368809503,0.023372602759941
"450",1.03692653150773,0.0873505280397714,4.88998782993169,0.0884174955673102,0.0155998002304353,0.886555964788473,0.111318502617088
"451",1.04284553548797,0.118477825023171,4.71442459069021,0.040294958516772,0.074624072407382,0.286878731007576,0.123777315440302
"452",1.10929494590273,0.00911956705597729,5.4862090023843,0.0269738239981324,0.105864342316799,0.673417971069598,0.341115728966932
"453",1.12967120037831,0.477841518698129,5.17362365720102,0.0763597305531615,0.0812387807686313,0.742307466780577,0.0339093936651505
"454",1.05042485955688,0.572305547509759,4.97755365636261,0.0157134834400846,0.0733212027084829,1.51249518429077,0.057437025434877
"455",1.2080353674048,0.520095447109201,4.9957776667949,0.236293104294335,0.0890308116121567,0.772356732451397,0.118258333011472
"456",1.00784512474808,0.211558296817256,5.17286789838962,0.111960037437527,0.0439214931916644,1.45240029993918,0.48805125173425
"457",1.00826716230821,0.410307378821225,4.98197271602929,0.117271063689496,0.00442506996729246,1.19478300541288,0.464031740850749
"458",1.0392078136497,0.323190545726302,5.46079780602291,0.00884730791594239,0.0742521712226553,0.855580901704319,0.405609622676317
"459",1.01519915480687,0.101582124799348,6.09101209840964,0.159581954815461,0.0496025467624831,0.40026072383632,0.462777330872934
"460",1.0488404445356,0.297435076282637,4.79727708689293,0.00499277968103034,0.0146002830302448,0.784239437496608,0.0973429078231556
"461",1.04518950712284,0.398652734456947,5.0498516422064,0.0239728693416665,0.0357605581488356,0.798191371610157,0.154826351592454
"462",1.04842072967361,0.397612312355514,6.07465800053967,0.0380771602314592,0.0688288734221797,0.846395695793333,0.118466328121061
"463",1.08435216145078,0.516582875676199,5.54150574139366,0.0336256850171079,0.0927161785974411,0.778519667271583,0.185226823482465
"464",1.00136914598658,0.148710819560818,5.37865374628548,0.0892387850641641,0.0273952823266475,1.17567903499807,0.0677885884476003
"465",1.00414058649037,0.804866921846124,4.81733577696968,0.160947000326637,0.00171439124900042,1.06195486855844,0.333479044447123
"466",1.05719807084954,0.249482055172643,6.16461057662213,0.0747362269571038,0.0706699716091176,1.61302098882229,0.0807949473455451
"467",1.0215552934805,0.128591326789382,4.39284731425136,0.00753771593956599,0.0428375605220104,0.906043198882853,0.188886022531828
"468",1.00205166857852,0.416408630339103,5.48909083525038,0.046692608141052,0.0181605360564475,1.30643321317688,0.101818864748712
"469",1.04599437781082,0.00724291122279967,5.11175952190397,0.0510814903525161,0.0313335996417497,0.876355861646448,0.0260473866287054
"470",1.00245246083902,0.37276148689151,5.78398517808672,0.0502478516258734,0.0206903655295063,1.15828652581047,0.571938389638233
"471",1.0407393130274,0.431892363864343,5.87036757065525,0.00349769674154678,0.0796093664319346,1.33440091297325,0.752945542469387
"472",1.02639015127621,0.50110569991277,4.96877506043249,0.00805148038889558,0.0259528164361175,0.726912828687467,0.136356304106623
"473",1.0094662846473,0.207998059873195,4.81022207796773,0.0752630706382408,0.0210301490485128,0.971303091841064,0.138089212481631
"474",1.19645210155057,0.2605154846561,6.05856818926039,0.079609672411192,0.315343023451672,1.10746161413167,0.196652223149993
"475",1.05329554952386,0.357409458876911,5.84269454025776,0.0007386430674451,0.0819206059627137,0.858805414077893,1.10516965196904
"476",1.07854284501714,0.255307056822697,4.87412216523257,0.011084679830926,0.0423900057494798,0.55721388226946,0.130969873521008
"477",1.01507437767068,0.244672204918962,5.71357584634996,0.0990172904285486,0.0333162778950936,0.830905658935671,0.0249564736424485
"478",1.04290933691105,0.469822199255372,5.50856309645954,0.0353397863345084,0.0331060652976919,0.694012819035992,0.176503437538821
"479",1.06395454524408,0.12218660550494,4.87382456423426,0.0533209289420018,0.0155988036925938,1.14708760961653,0.220163537529961
"480",1.00032959279248,0.0692035419840354,5.33826939453219,0.0568439763161361,0.0527830380796099,0.477016901499648,0.13634577762628
"481",1.02472965220285,0.0553250628115133,5.66896224499548,0.189806425438599,0.0561291178077603,0.940988774329067,0.112479835466728
"482",1.05315011969412,0.476443702222053,5.21027096997402,0.0844711047001298,0.0428875139773649,0.693275706090162,0.0818944191820139
"483",1.03772518438922,0.745707394953125,6.04350857365553,0.653891391017222,0.0478008998310722,1.01680042406579,0.495599177870796
"484",1.12984892561268,0.0223240405699809,5.44426603166553,0.0510120186064169,0.00921567042345241,0.772167252926048,0.17081596686008
"485",1.0006461738189,0.149138224811969,5.27629662537201,0.104715211162816,0.0602679490900834,0.971389777878118,0.036815113226893
"486",1.09464440386441,0.342843337532217,5.07040634056108,0.215793051725096,0.0104923096717251,0.530015485229775,0.18458337088724
"487",1.0038027591879,0.0946906299487988,4.55510167404971,0.368507576740358,9.82228429828962e-06,0.662900574561574,0.127335939163004
"488",1.03327401015974,0.4974977941986,5.29178032143977,0.0948414994017633,0.0426585994184289,0.939608252262042,0.359886960169012
"489",1.11286112685284,0.0955602252948388,5.06356036887123,0.015487214189753,0.00930448181074447,1.08792854082105,0.220848344095083
"490",1.03709837220413,0.51743763250724,5.63107032159212,0.459429791558006,0.159811328477557,1.19122035250667,0.699155397427823
"491",1.02369444606803,0.519520712642088,6.40663082288276,0.155787915227525,0.0619656495716835,1.17832216889855,0.167533724562967
"492",1.02656516790769,1.03377347910057,5.66399589048138,0.116452741046901,0.138385256224277,1.6507631610625,0.937537822534654
"493",1.039909062235,0.221637188569345,5.59189512497218,0.0086993913199474,0.0951138674445096,1.06836194637797,0.102481983071002
"494",1.01153663987381,0.151004276960387,5.78947278625656,0.192443428423402,0.120982254893078,1.13465277332781,0.299754433839047
"495",1.18132705882431,0.288723306278517,5.81599059493094,0.0840624426816407,0.0539747507493697,0.876158159414809,0.429343377480755
"496",1.00269936797241,0.798064376213112,5.50462721995266,0.097032981402946,0.0697921119314665,1.12918772585766,0.191417724068434
"497",1.00163276790579,0.162813539611312,5.44860791933441,0.0448269227456504,0.0377970677475939,0.937136416165136,0.0460970515333247
"498",1.02291228590779,0.234588758758165,5.83939796038438,0.0630364428017499,0.00990450920960148,0.851447937170888,0.0261709397423586
"499",1.06069871036672,0.635194553644971,5.45823344152393,0.020895356671311,0.000540403193223967,1.31467099763796,0.060217502828144
"500",1.11452643087073,0.716699896724306,5.41700717102078,0.043530723446421,0.0803940296418343,1.05822191828102,0.295347486432237
